ISBN,Net $ USD
9781408176030,$10.00
9780310729709,$11.00
9780718089412,$10.49
9780310439165,$14.00
9780310443940,$14.00
9780310444008,$10.49
9780310432180,$10.00
9780310432302,$10.00
9781782096962,$13.00
9781481481090,$15.00
9781427280626,$10.49
9781416560784,$10.00
9780310003724,$13.00
9781472900265,$10.00
9780470179864,$10.00
9780529122483,$10.49
9780470901083,$15.00
9781118749616,$10.49
9781588169617,$15.00
9781402772245,$10.00
9780310442585,$14.00
9780310429425,$14.00
9780310437178,$11.00
9780310722410,$11.00
9780684841489,$10.00
9781476776682,$15.00
9781427213761,$10.00
9781782097839,$10.00
9780060897987,$15.00
9780713678574,$12.00
9781433551796,$12.00
9781433550249,$15.00
9781433550256,$15.00
9781433554476,$11.00
9781581347616,$10.00
9781401674748,$13.00
9780310750079,$11.00
9780310722854,$12.50
9780310407133,$10.49
9781444174564,$11.49
9780310435334,$11.00
9780718013998,$10.00
9780060893507,$10.00
9780310437130,$11.00
9781620407776,$15.00
9781439165942,$10.00
9781608197019,$14.50
9780840717290,$12.50
9780718088996,$10.49
9780310431947,$10.00
9781847960849,$10.00
9780470526910,$10.00
9780310720164,$12.50
9780310445142,$13.00
9780718037406,$10.00
9781404105652,$11.00
9780840704894,$13.00
9780718080358,$11.00
9780718080426,$13.00
9780718089610,$10.00
9780718088583,$11.00
9780718090791,$14.00
9780718085230,$11.00
9780718038014,$13.00
9780718080433,$13.00
9780718079154,$13.00
9781250131058,$12.00
9781118862513,$10.00
9780230303379,$10.00
9781472910646,$10.00
9780007211333,$10.49
9781418546755,$12.50
9781418546748,$12.50
9780230251632,$10.00
9780840783004,$10.00
9780061149962,$12.50
9780310744146,$12.50
9780310727446,$10.49
9780310758143,$10.49
9780310759720,$10.49
9780310757917,$10.49
9780310744825,$11.00
9780310739272,$11.00
9780310444268,$13.00
9780310948490,$15.00
9780310751731,$11.00
9780310729174,$11.00
9780310429524,$10.49
9780310433644,$13.00
9780310080572,$14.00
9780310441137,$10.00
9780310758853,$11.00
9780310758976,$11.00
9780310426400,$11.00
9780310081180,$14.00
9780310432593,$10.00
9780310431787,$10.00
9780310402633,$10.00
9780310745624,$11.00
9780310440246,$13.00
9780310444671,$13.00
9780310443100,$10.49
9780310422464,$11.00
9780310409465,$10.49
9780310445548,$11.00
9780310434108,$14.00
9780310434092,$10.49
9780310438311,$11.00
9780718076320,$15.00
9780310003687,$13.00
9780718035686,$10.49
9780718037154,$10.00
9780718081423,$11.00
9780718080464,$11.00
9780718089658,$11.00
9780718090838,$14.00
9780718041175,$11.00
9780718032463,$10.49
9780718032470,$10.49
9780718076566,$11.00
9780718042561,$11.00
9780310445159,$13.00
9780310003557,$14.00
9780718080402,$13.00
9780718041915,$11.00
9780718081553,$14.00
9780718023898,$10.49
9780929837581,$10.00
9780765376121,$10.00
9780470608210,$10.00
9781118531822,$12.50
9780470502259,$12.50
9780471777779,$10.00
9780812994094,$10.00
9780310411574,$10.00
9781472917768,$11.00
9780310437819,$14.00
9780310411178,$14.00
9780310723318,$13.00
9780829760323,$13.00
9780829758986,$10.49
9780718029593,$11.00
9780310412076,$10.00
9780310431985,$10.00
9780529112231,$11.00
9781118612040,$12.50
9789999932646,$15.00
9780310745181,$13.00
9780394587196,$10.00
9781481498906,$13.00
9781401675950,$10.00
9781401675936,$10.00
9788854409309,$10.00
9780547241418,$10.00
9780679447368,$10.49
9781443419000,$10.00
9780310742968,$11.00
9780310742951,$11.00
9781418550370,$15.00
9781418550356,$14.00
9781401675141,$14.00
9780718086749,$14.00
9780929837574,$10.00
9780887304187,$10.00
9780310696681,$11.00
9780233003948,$10.00
9781418549015,$10.49
9781476782621,$11.00
9781401676537,$13.00
9780529110350,$10.00
9780310437840,$14.00
9780310410218,$14.00
9781418550158,$11.00
9780470597095,$15.00
9780310438335,$15.00
