ISBN,PriceDiscounted
9780061573194,3.39
9780064401142,3.39
9780064432535,3.39
9780152002657,3.39
9780152002664,3.39
9780152049492,3.39
9780152049508,3.39
9780152049553,3.39
9780152056605,3.39
9780152060107,3.39
9780152061302,3.39
9780199535552,3.39
9780312492342,3.39
9780345484963,3.39
9780393600155,3.39
9780395906958,3.39
9780395957523,3.39
9780395980378,3.39
9780451416773,3.39
9780451416780,3.39
9780451417862,3.39
9780451418500,3.39
9780451418562,3.39
9780451419170,3.39
9780451419187,3.39
9780451465443,3.39
9780451466266,3.39
9780451469595,3.39
9780451469885,3.39
9780451470706,3.39
9780451472557,3.39
9780451474285,3.39
9780451474308,3.39
9780451474339,3.39
9780451520883,3.39
9780451526762,3.39
9780451526779,3.39
9780451526793,3.39
9780451526816,3.39
9780451526854,3.39
9780451526861,3.39
9780451526885,3.39
9780451526892,3.39
9780451526908,3.39
9780451526922,3.39
9780451526939,3.39
9780451526953,3.39
9780451526960,3.39
9780451527110,3.39
9780451527134,3.39
9780451527141,3.39
9780451527158,3.39
9780451527271,3.39
9780451527622,3.39
9780451528353,3.39
9780451528438,3.39
9780451528537,3.39
9780451528827,3.39
9780451528834,3.39
9780451529237,3.39
9780451529503,3.39
9780451529534,3.39
9780451529558,3.39
9780451529589,3.39
9780451529718,3.39
9780451529954,3.39
9780451529985,3.39
9780451530097,3.39
9780451530141,3.39
9780451530158,3.39
9780451530172,3.39
9780451530202,3.39
9780451530318,3.39
9780451530417,3.39
9780451530523,3.39
9780451530639,3.39
9780451530653,3.39
9780451530660,3.39
9780451530776,3.39
9780451530783,3.39
9780451530806,3.39
9780451530820,3.39
9780451530844,3.39
9780451530882,3.39
9780451530912,3.39
9780451530929,3.39
9780451530936,3.39
9780451530943,3.39
9780451530981,3.39
9780451530998,3.39
9780451531001,3.39
9780451531032,3.39
9780451531049,3.39
9780451531070,3.39
9780451531117,3.39
9780451531131,3.39
9780451531148,3.39
9780451531162,3.39
9780451531186,3.39
9780451531247,3.39
9780451531278,3.39
9780451531308,3.39
9780451531315,3.39
9780451531360,3.39
9780451531391,3.39
9780451531469,3.39
9780451531476,3.39
9780451531513,3.39
9780451531568,3.39
9780451531599,3.39
9780451531612,3.39
9780451531629,3.39
9780451531674,3.39
9780451531698,3.39
9780451531797,3.39
9780451531841,3.39
9780451531872,3.39
9780451531957,3.39
9780451531988,3.39
9780451532008,3.39
9780451532053,3.39
9780451532084,3.39
9780451532152,3.39
9780451532169,3.39
9780451532206,3.39
9780451532220,3.39
9780451532237,3.39
9780451532244,3.39
9780451532251,3.39
9780451532282,3.39
9780486207803,3.39
9780486247397,3.39
9780486247618,3.39
9780486250571,3.39
9780486253367,3.39
9780486260600,3.39
9780486267333,3.39
9780486268293,3.39
9780486281520,3.39
9780486293806,3.39
9780486299860,3.39
9780486406442,3.39
9780486417707,3.39
9780486428567,3.39
9780486428932,3.39
9780486430898,3.39
9780486438511,3.39
9780486446028,3.39
9780486446240,3.39
9780486452623,3.39
9780486452852,3.39
9780486468853,3.39
9780486475677,3.39
9780486475936,3.39
9780486476377,3.39
9780486478050,3.39
9780486479040,3.39
9780486479057,3.39
9780486481296,3.39
9780486485843,3.39
9780486498195,3.39
9780486781624,3.39
9780486814780,3.39
9780486815275,3.39
9780486815695,3.39
9780516200651,3.39
9780516225340,3.39
9780516246482,3.39
9780516246727,3.39
9780516258171,3.39
9780516259895,3.39
9780516263120,3.39
9780516265568,3.39
9780516270494,3.39
9780516270500,3.39
9780516270524,3.39
9780516270845,3.39
9780516270852,3.39
9780516271750,3.39
9780516271781,3.39
9780516273549,3.39
9780516273693,3.39
9780516273754,3.39
9780516273761,3.39
9780516273778,3.39
9780516273808,3.39
9780516274881,3.39
9780516274898,3.39
9780516274997,3.39
9780516277684,3.39
9780516278537,3.39
9780516278568,3.39
9780516279282,3.39
9780516298122,3.39
9780525562870,3.39
9780528867996,3.39
9780531118351,3.39
9780531118368,3.39
9780531118382,3.39
9780531135150,3.39
9780531135167,3.39
9780531135174,3.39
9780531135181,3.39
9780531135198,3.39
9780531135204,3.39
9780531135211,3.39
9780531135228,3.39
9780531135235,3.39
9780531135242,3.39
9780531137000,3.39
9780531137017,3.39
9780531137024,3.39
9780531137031,3.39
9780531137215,3.39
9780531137222,3.39
9780531137239,3.39
9780531137246,3.39
9780531137703,3.39
9780531137710,3.39
9780531137727,3.39
9780531137734,3.39
9780531137741,3.39
9780531138007,3.39
9780531138014,3.39
9780531138021,3.39
9780531138038,3.39
9780531138045,3.39
9780531138052,3.39
9780531138953,3.39
9780531138960,3.39
9780531138984,3.39
9780531184165,3.39
9780531189016,3.39
9780531189023,3.39
9780531189030,3.39
9780531189047,3.39
9780531205006,3.39
9780531205976,3.39
9780531207376,3.39
9780531207383,3.39
9780531207390,3.39
9780531207406,3.39
9780531208267,3.39
9780531209264,3.39
9780531209936,3.39
9780531209943,3.39
9780531209950,3.39
9780531209974,3.39
9780531209981,3.39
9780531210680,3.39
9780531210697,3.39
9780531210703,3.39
9780531211106,3.39
9780531211113,3.39
9780531211144,3.39
9780531212011,3.39
9780531212028,3.39
9780531212035,3.39
9780531212042,3.39
9780531213797,3.39
9780531213803,3.39
9780531213810,3.39
9780531213827,3.39
9780531213834,3.39
9780531213841,3.39
9780531214251,3.39
9780531214268,3.39
9780531214275,3.39
9780531214565,3.39
9780531214572,3.39
9780531214589,3.39
9780531214596,3.39
9780531214602,3.39
9780531214619,3.39
9780531214626,3.39
9780531215296,3.39
9780531215302,3.39
9780531215319,3.39
9780531215326,3.39
9780531215333,3.39
9780531215340,3.39
9780531217634,3.39
9780531217641,3.39
9780531217665,3.39
9780531217672,3.39
9780531218372,3.39
9780531218389,3.39
9780531218396,3.39
9780531218402,3.39
9780531218426,3.39
9780531218433,3.39
9780531220856,3.39
9780531221716,3.39
9780531221730,3.39
9780531221747,3.39
9780531223550,3.39
9780531223567,3.39
9780531223574,3.39
9780531224472,3.39
