UPC:,Unit Price
039897543345,$31.00
039897773247,$9.45
039897174563,$3.35
039897351858,$11.05
039897487298,$4.30
039897384856,$2.85
039897501291,$3.40
039897731919,$18.40
039897398952,$14.70
039897748962,$2.10
039897748252,$5.90
039897766188,$9.70
039897767345,$10.50
039897748788,$23.65
039897766133,$29.00
039897787978,$2.85
678352758964,$2.85
039897949772,$7.35
039897341927,$29.40
039897341712,$6.85
039897341842,$8.65
UPC:,Unit Price
039897760551,$68.25
039897782768,$3.60
039897685182,$7.60
039897685557,$7.35
039897089713,$4.30
039897857305,$14.70
039897787428,$14.70
039897784564,$13.65
039897784700,$13.65
039897617343,$14.70
039897059563,$3.95
039897017358,$2.30
039897980089,$3.85
039897552668,$13.40
UPC:,Unit Price
039897543345,$31.00
039897773247,$9.45
039897174563,$3.35
039897351858,$11.05
039897487298,$4.30
039897384856,$2.85
039897501291,$3.40
039897731919,$18.40
039897398952,$14.70
039897748962,$2.10
039897748252,$5.90
039897766188,$9.70
039897767345,$10.50
039897748788,$23.65
039897766133,$29.00
039897787978,$2.85
678352758964,$2.85
039897949772,$7.35
039897341927,$29.40
039897341712,$6.85
039897341842,$8.65
UPC:,Unit Price
039897760551,$68.25
039897782768,$3.60
039897685182,$7.60
039897685557,$7.35
039897089713,$4.30
039897857305,$14.70
039897787428,$14.70
039897784564,$13.65
039897784700,$13.65
039897617343,$14.70
039897059563,$3.95
039897017358,$2.30
039897980089,$3.85
039897552668,$13.40
UPC:,Unit Price
039897543345,$31.00
039897773247,$9.45
039897174563,$3.35
039897351858,$11.05
039897487298,$4.30
039897384856,$2.85
039897501291,$3.40
039897731919,$18.40
039897398952,$14.70
039897748962,$2.10
039897748252,$5.90
039897766188,$9.70
039897767345,$10.50
039897748788,$23.65
039897766133,$29.00
039897787978,$2.85
678352758964,$2.85
039897949772,$7.35
039897341927,$29.40
039897341712,$6.85
039897341842,$8.65
UPC:,Unit Price
039897760551,$68.25
039897782768,$3.60
039897685182,$7.60
039897685557,$7.35
039897089713,$4.30
039897857305,$14.70
039897787428,$14.70
039897784564,$13.65
039897784700,$13.65
039897617343,$14.70
039897059563,$3.95
039897017358,$2.30
039897980089,$3.85
039897552668,$13.40
UPC:,Unit Price
039897543345,$31.00
039897773247,$9.45
039897174563,$3.35
039897351858,$11.05
039897487298,$4.30
039897384856,$2.85
039897501291,$3.40
039897731919,$18.40
039897398952,$14.70
039897748962,$2.10
039897748252,$5.90
039897766188,$9.70
039897767345,$10.50
039897748788,$23.65
039897766133,$29.00
039897787978,$2.85
678352758964,$2.85
039897949772,$7.35
039897341927,$29.40
039897341712,$6.85
039897341842,$8.65
UPC:,Unit Price
039897760551,$68.25
039897782768,$3.60
039897685182,$7.60
039897685557,$7.35
039897089713,$4.30
039897857305,$14.70
039897787428,$14.70
039897784564,$13.65
039897784700,$13.65
039897617343,$14.70
039897059563,$3.95
039897017358,$2.30
039897980089,$3.85
039897552668,$13.40
UPC:,Unit Price
039897543345,$31.00
039897773247,$9.45
039897174563,$3.35
039897351858,$11.05
039897487298,$4.30
039897384856,$2.85
039897501291,$3.40
039897731919,$18.40
039897398952,$14.70
039897748962,$2.10
039897748252,$5.90
039897766188,$9.70
039897767345,$10.50
039897748788,$23.65
039897766133,$29.00
039897787978,$2.85
678352758964,$2.85
039897949772,$7.35
039897341927,$29.40
039897341712,$6.85
039897341842,$8.65
UPC:,Unit Price
039897760551,$68.25
039897782768,$3.60
039897685182,$7.60
039897685557,$7.35
039897089713,$4.30
039897857305,$14.70
039897787428,$14.70
039897784564,$13.65
039897784700,$13.65
039897617343,$14.70
039897059563,$3.95
039897017358,$2.30
039897980089,$3.85
039897552668,$13.40
UPC:,Unit Price
039897543345,$31.00
039897773247,$9.45
039897174563,$3.35
039897351858,$11.05
039897487298,$4.30
039897384856,$2.85
039897501291,$3.40
039897731919,$18.40
039897398952,$14.70
039897748962,$2.10
039897748252,$5.90
039897766188,$9.70
039897767345,$10.50
039897748788,$23.65
039897766133,$29.00
039897787978,$2.85
678352758964,$2.85
039897949772,$7.35
039897341927,$29.40
039897341712,$6.85
039897341842,$8.65
UPC:,Unit Price
039897760551,$68.25
039897782768,$3.60
039897685182,$7.60
039897685557,$7.35
039897089713,$4.30
039897857305,$14.70
039897787428,$14.70
039897784564,$13.65
039897784700,$13.65
039897617343,$14.70
039897059563,$3.95
039897017358,$2.30
039897980089,$3.85
039897552668,$13.40
UPC:,Unit Price
039897543345,$31.00
039897773247,$9.45
039897174563,$3.35
039897351858,$11.05
039897487298,$4.30
039897384856,$2.85
039897501291,$3.40
039897731919,$18.40
039897398952,$14.70
039897748962,$2.10
039897748252,$5.90
039897766188,$9.70
039897767345,$10.50
039897748788,$23.65
039897766133,$29.00
039897787978,$2.85
678352758964,$2.85
039897949772,$7.35
039897341927,$29.40
039897341712,$6.85
039897341842,$8.65
UPC:,Unit Price
039897760551,$68.25
039897782768,$3.60
039897685182,$7.60
039897685557,$7.35
039897089713,$4.30
039897857305,$14.70
039897787428,$14.70
039897784564,$13.65
039897784700,$13.65
039897617343,$14.70
039897059563,$3.95
039897017358,$2.30
039897980089,$3.85
039897552668,$13.40
UPC:,Unit Price
039897543345,$31.00
039897773247,$9.45
039897174563,$3.35
039897351858,$11.05
039897487298,$4.30
039897384856,$2.85
039897501291,$3.40
039897731919,$18.40
039897398952,$14.70
039897748962,$2.10
039897748252,$5.90
039897766188,$9.70
039897767345,$10.50
039897748788,$23.65
039897766133,$29.00
039897787978,$2.85
678352758964,$2.85
039897949772,$7.35
039897341927,$29.40
039897341712,$6.85
039897341842,$8.65
UPC:,Unit Price
039897760551,$68.25
039897782768,$3.60
039897685182,$7.60
039897685557,$7.35
039897089713,$4.30
039897857305,$14.70
039897787428,$14.70
039897784564,$13.65
039897784700,$13.65
039897617343,$14.70
039897059563,$3.95
039897017358,$2.30
039897980089,$3.85
039897552668,$13.40
UPC:,Unit Price
039897543345,$31.00
039897773247,$9.45
039897174563,$3.35
039897351858,$11.05
039897487298,$4.30
039897384856,$2.85
039897501291,$3.40
039897731919,$18.40
039897398952,$14.70
039897748962,$2.10
039897748252,$5.90
039897766188,$9.70
039897767345,$10.50
039897748788,$23.65
039897766133,$29.00
039897787978,$2.85
678352758964,$2.85
039897949772,$7.35
039897341927,$29.40
039897341712,$6.85
039897341842,$8.65
UPC:,Unit Price
039897760551,$68.25
039897782768,$3.60
039897685182,$7.60
039897685557,$7.35
039897089713,$4.30
039897857305,$14.70
039897787428,$14.70
039897784564,$13.65
039897784700,$13.65
039897617343,$14.70
039897059563,$3.95
039897017358,$2.30
039897980089,$3.85
039897552668,$13.40
UPC:,Unit Price
039897543345,$31.00
039897773247,$9.45
039897174563,$3.35
039897351858,$11.05
039897487298,$4.30
039897384856,$2.85
039897501291,$3.40
039897731919,$18.40
039897398952,$14.70
039897748962,$2.10
039897748252,$5.90
039897766188,$9.70
039897767345,$10.50
039897748788,$23.65
039897766133,$29.00
039897787978,$2.85
678352758964,$2.85
039897949772,$7.35
039897341927,$29.40
039897341712,$6.85
039897341842,$8.65
UPC:,Unit Price
039897760551,$68.25
039897782768,$3.60
039897685182,$7.60
039897685557,$7.35
039897089713,$4.30
039897857305,$14.70
039897787428,$14.70
039897784564,$13.65
039897784700,$13.65
039897617343,$14.70
039897059563,$3.95
039897017358,$2.30
039897980089,$3.85
039897552668,$13.40
UPC:,Unit Price
039897543345,$31.00
039897773247,$9.45
039897174563,$3.35
039897351858,$11.05
039897487298,$4.30
039897384856,$2.85
039897501291,$3.40
039897731919,$18.40
039897398952,$14.70
039897748962,$2.10
039897748252,$5.90
039897766188,$9.70
039897767345,$10.50
039897748788,$23.65
039897766133,$29.00
039897787978,$2.85
678352758964,$2.85
039897949772,$7.35
039897341927,$29.40
039897341712,$6.85
039897341842,$8.65
UPC:,Unit Price
039897760551,$68.25
039897782768,$3.60
039897685182,$7.60
039897685557,$7.35
039897089713,$4.30
039897857305,$14.70
039897787428,$14.70
039897784564,$13.65
039897784700,$13.65
039897617343,$14.70
039897059563,$3.95
039897017358,$2.30
039897980089,$3.85
039897552668,$13.40
UPC:,Unit Price
039897543345,$31.00
039897773247,$9.45
039897174563,$3.35
039897351858,$11.05
039897487298,$4.30
039897384856,$2.85
039897501291,$3.40
039897731919,$18.40
039897398952,$14.70
039897748962,$2.10
039897748252,$5.90
039897766188,$9.70
039897767345,$10.50
039897748788,$23.65
039897766133,$29.00
039897787978,$2.85
678352758964,$2.85
039897949772,$7.35
039897341927,$29.40
039897341712,$6.85
039897341842,$8.65
UPC:,Unit Price
039897760551,$68.25
039897782768,$3.60
039897685182,$7.60
039897685557,$7.35
039897089713,$4.30
039897857305,$14.70
039897787428,$14.70
039897784564,$13.65
039897784700,$13.65
039897617343,$14.70
039897059563,$3.95
039897017358,$2.30
039897980089,$3.85
039897552668,$13.40
UPC:,Unit Price
039897543345,$31.00
039897773247,$9.45
039897174563,$3.35
039897351858,$11.05
039897487298,$4.30
039897384856,$2.85
039897501291,$3.40
039897731919,$18.40
039897398952,$14.70
039897748962,$2.10
039897748252,$5.90
039897766188,$9.70
039897767345,$10.50
039897748788,$23.65
039897766133,$29.00
039897787978,$2.85
678352758964,$2.85
039897949772,$7.35
039897341927,$29.40
039897341712,$6.85
039897341842,$8.65
UPC:,Unit Price
039897760551,$68.25
039897782768,$3.60
039897685182,$7.60
039897685557,$7.35
039897089713,$4.30
039897857305,$14.70
039897787428,$14.70
039897784564,$13.65
039897784700,$13.65
039897617343,$14.70
039897059563,$3.95
039897017358,$2.30
039897980089,$3.85
039897552668,$13.40
UPC:,Unit Price
039897543345,$31.00
039897773247,$9.45
039897174563,$3.35
039897351858,$11.05
039897487298,$4.30
039897384856,$2.85
039897501291,$3.40
039897731919,$18.40
039897398952,$14.70
039897748962,$2.10
039897748252,$5.90
039897766188,$9.70
039897767345,$10.50
039897748788,$23.65
039897766133,$29.00
039897787978,$2.85
678352758964,$2.85
039897949772,$7.35
039897341927,$29.40
039897341712,$6.85
039897341842,$8.65
UPC:,Unit Price
039897760551,$68.25
039897782768,$3.60
039897685182,$7.60
039897685557,$7.35
039897089713,$4.30
039897857305,$14.70
039897787428,$14.70
039897784564,$13.65
039897784700,$13.65
039897617343,$14.70
039897059563,$3.95
039897017358,$2.30
039897980089,$3.85
039897552668,$13.40
UPC:,Unit Price
039897543345,$31.00
039897773247,$9.45
039897174563,$3.35
039897351858,$11.05
039897487298,$4.30
039897384856,$2.85
039897501291,$3.40
039897731919,$18.40
039897398952,$14.70
039897748962,$2.10
039897748252,$5.90
039897766188,$9.70
039897767345,$10.50
039897748788,$23.65
039897766133,$29.00
039897787978,$2.85
678352758964,$2.85
039897949772,$7.35
039897341927,$29.40
039897341712,$6.85
039897341842,$8.65
UPC:,Unit Price
039897760551,$68.25
039897782768,$3.60
039897685182,$7.60
039897685557,$7.35
039897089713,$4.30
039897857305,$14.70
039897787428,$14.70
039897784564,$13.65
039897784700,$13.65
039897617343,$14.70
039897059563,$3.95
039897017358,$2.30
039897980089,$3.85
039897552668,$13.40
UPC:,Unit Price
039897543345,$31.00
039897773247,$9.45
039897174563,$3.35
039897351858,$11.05
039897487298,$4.30
039897384856,$2.85
039897501291,$3.40
039897731919,$18.40
039897398952,$14.70
039897748962,$2.10
039897748252,$5.90
039897766188,$9.70
039897767345,$10.50
039897748788,$23.65
039897766133,$29.00
039897787978,$2.85
678352758964,$2.85
039897949772,$7.35
039897341927,$29.40
039897341712,$6.85
039897341842,$8.65
UPC:,Unit Price
039897760551,$68.25
039897782768,$3.60
039897685182,$7.60
039897685557,$7.35
039897089713,$4.30
039897857305,$14.70
039897787428,$14.70
039897784564,$13.65
039897784700,$13.65
039897617343,$14.70
039897059563,$3.95
039897017358,$2.30
039897980089,$3.85
039897552668,$13.40
UPC:,Unit Price
039897543345,$31.00
039897773247,$9.45
039897174563,$3.35
039897351858,$11.05
039897487298,$4.30
039897384856,$2.85
039897501291,$3.40
039897731919,$18.40
039897398952,$14.70
039897748962,$2.10
039897748252,$5.90
039897766188,$9.70
039897767345,$10.50
039897748788,$23.65
039897766133,$29.00
039897787978,$2.85
678352758964,$2.85
039897949772,$7.35
039897341927,$29.40
039897341712,$6.85
039897341842,$8.65
UPC:,Unit Price
039897760551,$68.25
039897782768,$3.60
039897685182,$7.60
039897685557,$7.35
039897089713,$4.30
039897857305,$14.70
039897787428,$14.70
039897784564,$13.65
039897784700,$13.65
039897617343,$14.70
039897059563,$3.95
039897017358,$2.30
039897980089,$3.85
039897552668,$13.40
UPC:,Unit Price
039897543345,$31.00
039897773247,$9.45
039897174563,$3.35
039897351858,$11.05
039897487298,$4.30
039897384856,$2.85
039897501291,$3.40
039897731919,$18.40
039897398952,$14.70
039897748962,$2.10
039897748252,$5.90
039897766188,$9.70
039897767345,$10.50
039897748788,$23.65
039897766133,$29.00
039897787978,$2.85
678352758964,$2.85
039897949772,$7.35
039897341927,$29.40
039897341712,$6.85
039897341842,$8.65
UPC:,Unit Price
039897760551,$68.25
039897782768,$3.60
039897685182,$7.60
039897685557,$7.35
039897089713,$4.30
039897857305,$14.70
039897787428,$14.70
039897784564,$13.65
039897784700,$13.65
039897617343,$14.70
039897059563,$3.95
039897017358,$2.30
039897980089,$3.85
039897552668,$13.40
UPC:,Unit Price
039897543345,$31.00
039897773247,$9.45
039897174563,$3.35
039897351858,$11.05
039897487298,$4.30
039897384856,$2.85
039897501291,$3.40
039897731919,$18.40
039897398952,$14.70
039897748962,$2.10
039897748252,$5.90
039897766188,$9.70
039897767345,$10.50
039897748788,$23.65
039897766133,$29.00
039897787978,$2.85
678352758964,$2.85
039897949772,$7.35
039897341927,$29.40
039897341712,$6.85
039897341842,$8.65
UPC:,Unit Price
039897760551,$68.25
039897782768,$3.60
039897685182,$7.60
039897685557,$7.35
039897089713,$4.30
039897857305,$14.70
039897787428,$14.70
039897784564,$13.65
039897784700,$13.65
039897617343,$14.70
039897059563,$3.95
039897017358,$2.30
039897980089,$3.85
039897552668,$13.40
UPC:,Unit Price
039897543345,$31.00
039897773247,$9.45
039897174563,$3.35
039897351858,$11.05
039897487298,$4.30
039897384856,$2.85
039897501291,$3.40
039897731919,$18.40
039897398952,$14.70
039897748962,$2.10
039897748252,$5.90
039897766188,$9.70
039897767345,$10.50
039897748788,$23.65
039897766133,$29.00
039897787978,$2.85
678352758964,$2.85
039897949772,$7.35
039897341927,$29.40
039897341712,$6.85
039897341842,$8.65
UPC:,Unit Price
039897760551,$68.25
039897782768,$3.60
039897685182,$7.60
039897685557,$7.35
039897089713,$4.30
039897857305,$14.70
039897787428,$14.70
039897784564,$13.65
039897784700,$13.65
039897617343,$14.70
039897059563,$3.95
039897017358,$2.30
039897980089,$3.85
039897552668,$13.40
UPC:,Unit Price
039897543345,$31.00
039897773247,$9.45
039897174563,$3.35
039897351858,$11.05
039897487298,$4.30
039897384856,$2.85
039897501291,$3.40
039897731919,$18.40
039897398952,$14.70
039897748962,$2.10
039897748252,$5.90
039897766188,$9.70
039897767345,$10.50
039897748788,$23.65
039897766133,$29.00
039897787978,$2.85
678352758964,$2.85
039897949772,$7.35
039897341927,$29.40
039897341712,$6.85
039897341842,$8.65
UPC:,Unit Price
039897760551,$68.25
039897782768,$3.60
039897685182,$7.60
039897685557,$7.35
039897089713,$4.30
039897857305,$14.70
039897787428,$14.70
039897784564,$13.65
039897784700,$13.65
039897617343,$14.70
039897059563,$3.95
039897017358,$2.30
039897980089,$3.85
039897552668,$13.40
UPC:,Unit Price
039897543345,$31.00
039897773247,$9.45
039897174563,$3.35
039897351858,$11.05
039897487298,$4.30
039897384856,$2.85
039897501291,$3.40
039897731919,$18.40
039897398952,$14.70
039897748962,$2.10
039897748252,$5.90
039897766188,$9.70
039897767345,$10.50
039897748788,$23.65
039897766133,$29.00
039897787978,$2.85
678352758964,$2.85
039897949772,$7.35
039897341927,$29.40
039897341712,$6.85
039897341842,$8.65
UPC:,Unit Price
039897760551,$68.25
039897782768,$3.60
039897685182,$7.60
039897685557,$7.35
039897089713,$4.30
039897857305,$14.70
039897787428,$14.70
039897784564,$13.65
039897784700,$13.65
039897617343,$14.70
039897059563,$3.95
039897017358,$2.30
039897980089,$3.85
039897552668,$13.40
UPC:,Unit Price
039897543345,$31.00
039897773247,$9.45
039897174563,$3.35
039897351858,$11.05
039897487298,$4.30
039897384856,$2.85
039897501291,$3.40
039897731919,$18.40
039897398952,$14.70
039897748962,$2.10
039897748252,$5.90
039897766188,$9.70
039897767345,$10.50
039897748788,$23.65
039897766133,$29.00
039897787978,$2.85
678352758964,$2.85
039897949772,$7.35
039897341927,$29.40
039897341712,$6.85
039897341842,$8.65
UPC:,Unit Price
039897760551,$68.25
039897782768,$3.60
039897685182,$7.60
039897685557,$7.35
039897089713,$4.30
039897857305,$14.70
039897787428,$14.70
039897784564,$13.65
039897784700,$13.65
039897617343,$14.70
039897059563,$3.95
039897017358,$2.30
039897980089,$3.85
039897552668,$13.40
UPC:,Unit Price
039897543345,$31.00
039897773247,$9.45
039897174563,$3.35
039897351858,$11.05
039897487298,$4.30
039897384856,$2.85
039897501291,$3.40
039897731919,$18.40
039897398952,$14.70
039897748962,$2.10
039897748252,$5.90
039897766188,$9.70
039897767345,$10.50
039897748788,$23.65
039897766133,$29.00
039897787978,$2.85
678352758964,$2.85
039897949772,$7.35
039897341927,$29.40
039897341712,$6.85
039897341842,$8.65
UPC:,Unit Price
039897760551,$68.25
039897782768,$3.60
039897685182,$7.60
039897685557,$7.35
039897089713,$4.30
039897857305,$14.70
039897787428,$14.70
039897784564,$13.65
039897784700,$13.65
039897617343,$14.70
039897059563,$3.95
039897017358,$2.30
039897980089,$3.85
039897552668,$13.40
UPC:,Unit Price
039897543345,$31.00
039897773247,$9.45
039897174563,$3.35
039897351858,$11.05
039897487298,$4.30
039897384856,$2.85
039897501291,$3.40
039897731919,$18.40
039897398952,$14.70
039897748962,$2.10
039897748252,$5.90
039897766188,$9.70
039897767345,$10.50
039897748788,$23.65
039897766133,$29.00
039897787978,$2.85
678352758964,$2.85
039897949772,$7.35
039897341927,$29.40
039897341712,$6.85
039897341842,$8.65
UPC:,Unit Price
039897760551,$68.25
039897782768,$3.60
039897685182,$7.60
039897685557,$7.35
039897089713,$4.30
039897857305,$14.70
039897787428,$14.70
039897784564,$13.65
039897784700,$13.65
039897617343,$14.70
039897059563,$3.95
039897017358,$2.30
039897980089,$3.85
039897552668,$13.40
UPC:,Unit Price
039897543345,$31.00
039897773247,$9.45
039897174563,$3.35
039897351858,$11.05
039897487298,$4.30
039897384856,$2.85
039897501291,$3.40
039897731919,$18.40
039897398952,$14.70
039897748962,$2.10
039897748252,$5.90
039897766188,$9.70
039897767345,$10.50
039897748788,$23.65
039897766133,$29.00
039897787978,$2.85
678352758964,$2.85
039897949772,$7.35
039897341927,$29.40
039897341712,$6.85
039897341842,$8.65
UPC:,Unit Price
039897760551,$68.25
039897782768,$3.60
039897685182,$7.60
039897685557,$7.35
039897089713,$4.30
039897857305,$14.70
039897787428,$14.70
039897784564,$13.65
039897784700,$13.65
039897617343,$14.70
039897059563,$3.95
039897017358,$2.30
039897980089,$3.85
039897552668,$13.40
UPC:,Unit Price
039897543345,$31.00
039897773247,$9.45
039897174563,$3.35
039897351858,$11.05
039897487298,$4.30
039897384856,$2.85
039897501291,$3.40
039897731919,$18.40
039897398952,$14.70
039897748962,$2.10
039897748252,$5.90
039897766188,$9.70
039897767345,$10.50
039897748788,$23.65
039897766133,$29.00
039897787978,$2.85
678352758964,$2.85
039897949772,$7.35
039897341927,$29.40
039897341712,$6.85
039897341842,$8.65
UPC:,Unit Price
039897760551,$68.25
039897782768,$3.60
039897685182,$7.60
039897685557,$7.35
039897089713,$4.30
039897857305,$14.70
039897787428,$14.70
039897784564,$13.65
039897784700,$13.65
039897617343,$14.70
039897059563,$3.95
039897017358,$2.30
039897980089,$3.85
039897552668,$13.40
,
