 UPC                         ,Unit Price
851786007246, $2.50 
851786007581, $6.50 
851786007567, $13.00 
851786007253, $15.50 
851786007598, $15.00 
851786007895, $2.50 
851786007666, $6.50 
851786007611, $15.50 
851786007802, $3.50 
851786007772, $3.50 
851786007796, $7.50 
851786007789, $10.50 
"
851786007765", $15.50 
851786007970, $3.50 
851786007987, $6.50 
851786007741, $7.50 
851786007734, $3.50 
851786007482, $7.50 
851786007444, $10.50 
851786007925, $15.00 
851786007932, $15.00 
852265006514, $6.50 
852265006521, $20.00 
851786007048, $12.50 
851786007000, $6.50 
851786007413, $6.50 
851786007512, $6.50 
"
851786007703", $8.50 
851786007208, $6.50 
851786007192, $3.50 
851786007406, $6.50 
851786007505, $5.00 
851786007307, $4.00 
851786007840, $5.00 
851786007550, $8.50 
855635005155, $3.50 
855635005704, $20.00 
855635005896, $13.50 
658382139742, $5.00 
658382139780, $6.50 
658382393281 , $15.00 
658382393298 , $25.00 
658382393304 , $40.00 
850225008004, $9.00 
630996634103 , $12.50 
630996252000 , $13.50 
630996252208, $11.50 
630996252543 , $13.00 
630996252406, $15.25 
630996252604, $12.50 
022286103909 , $15.00 
022286103930 , $20.00 
022286103978, $5.00 
630996936009, $6.50 
630996936115 , $10.00 
630996936160, $30.00 
630996753293 , $3.65 
630996751855, $3.65 
630996751954, $6.75 
630996752531 , $3.65 
630996752289 , $6.75 
630996752647 , $        15.50  
630996694008 , $2.50 
630996694015 , $5.00 
630996694022 , $7.75 
630996694039 , $10.00 
630996694046 , $20.50 
630996121139 , $2.25 
630996284490 , $13.00 
630996283912 , $12.50 
630996285398, $6.50 
630996285466, $12.50 
630996284865, $10.50 
630996284933 , $16.50 
630996286630, $10.50 
630996281857 , $38.50 
630996282786, $38.50 
630996286692, $38.50 
630996283301, $38.50 
630996286432, $10.00 
630996286487, $16.50 
630996286838, $14.50 
630996288870 , $10.00 
630996284513, $10.50 
630996285336, $10.50 
630996284520, $15.00 
630996286753, $15.00 
630996300008, $13.00 
630996415009, $6.75 
630996190845, $3.50 
630996190852, $3.50 
630996199121, $10.00 
630996199442 , $4.50 
630996199435 , $10.50 
630996563632, $2.25 
630996564851, $2.25 
630996565056, $20.00 
630996581001, $2.65 
630996565384, $13.50 
630996567180, $3.25 
630996571019, $8.50 
630996571071, $4.15 
630996571033, $13.00 
630996571026, $20.00 
630996566961, $3.75 
630996567036, $11.00 
630996566985, $8.50 
630996567043, $10.50 
630996567050, $14.00 
630996568682, $2.25 
630996568699, $3.75 
630996567517, $7.00 
630996571866, $11.00 
630996567111, $10.00 
630996567067, $10.00 
630996569320, $6.50 
630996568705 , $2.75 
630996568712 , $6.65 
630996690321, $4.50 
630996690987 , $2.25 
630996691373 , $2.25 
630996691397 , $4.50 
630996691410 , $7.00 
630996691472 , $12.50 
630996691434 , $9.50 
630996691465 , $12.50 
630996691564 , $5.25 
887521067763 , $2.25 
022286068017   , $3.00 
847341049448 , $2.10 
847341049301 , $7.00 
847341049363 , $7.00 
847341049394 , $15.00 
847341049233 , $15.00 
603154007071, $2.65 
603154007101, $2.50 
603154007125, $4.00 
603154007187, $4.25 
603154007248, $4.00 
603154006869, $10.00 
603154010002, $3.00 
603154010279, $6.50 
603154010026, $12.50 
847194007534 , $6.85 
847194006889 , $3.50 
855396007658,$        2.50
855396007641 , $        6.75  
847194007282 , $44.50 
847194007299 , $31.00 
847194006926 , $44.50 
847194006957 , $31.00 
022286112451, $18.50 
735850243627, $2.00 
735850243504 , $7.50 
735850243511 , $7.50 
735850243528 , $7.50 
735850243535 , $7.50 
735850243542 , $7.50 
797776529551 , $10.00 
797776529568, $17.50 
797776529575, $17.50 
771171137573, $12.50 
771171137801, $11.50 
771171137986, $1.75 
022286107006, $3.50 
022286106344, $6.50 
022286108621, $6.50 
022286109017, $30.00 
022286109031, $30.00 
022286109055, $30.00 
022286108539, $12.50 
022286108607, $12.50 
813460021795 , $15.00 
813460021788 , $15.00 
022286106764, $15.00 
022286106764, $15.00 
022286106061, $15.00 
022286106061, $15.00 
022286109000, $6.00 
818593020165 , $2.25 
818593020202 , $2.25 
818593020127 , $2.25 
818593020035 , $2.25 
818593029670, $5.00 
818593029656, $20.50 
818593029694, $35.00 
856330006386 , $2.00 
856330007369 , $2.00 
856330006393 , $2.00 
856330006102 , $4.00 
856330007383 , $2.00 
856330007185 , $7.50 
856330007635 , $4.25 
856330009301 , $10.00 
 02228610333-6, $2.25 
02228610350-3, $3.50 
02228610358-9, $3.50 
22286102360 , $2.50 
0 22286 10290 2, $2.65 
0 22286 10283 4, $2.65 
0 22286 10297 1, $2.65 
0 22286 10299 5, $3.50 
0 22286 10305 3, $3.50 
0 22286 10322 0, $3.50 
0 22286 10326 8, $3.50 
0 22286 10320 6, $3.50 
0 22286 10310 7, $2.65 
889722008170 , $3.25 
889722008187 , $5.00 
630996107775 , $6.50 
630996582039 , $5.85 
630996582152 , $9.50 
630996582114 , $4.00 
630996710012 , $6.65 
630996710081 , $6.65 
630996570012, $2.25 
630996570036, $7.00 
712096622942, $10.00 
712096622959, $7.50 
856001006172, $4.00 
856001006189, $4.00 
856001006196, $5.00 
856001006202, $5.00 
866121000301 , $25.00 
866121000301 , $25.00 
022286104609, $5.00 
