ISBN,,,,SalesPrice,
9781440247101,3.995,,2,7.99,
9781906672553,3.995,,2,7.99,
9781847322333,1.995,,2,3.99,
9781462112371,3.495,,2,6.99,
9781564777829,2.995,,2,5.99,
,2.495,,2,4.99,
9781781771785,9.995,,2,19.99,
9781474851817,1.745,,2,3.49,
9781401946067,3.495,,2,6.99,
043396059207,2.995,,2,5.99,
9781608636921,2.995,,2,5.99,
9781610046480,4.995,,2,9.99,
9781250130808,4.995,,2,9.99,
9781634505604,2.995,,2,5.99,
9781936096831,2.495,,2,4.99,
9781908273772,4.995,,2,9.99,
9781784284466,3.495,,2,6.99,
9780300158717,2.995,,2,5.99,
9780785820574,3.495,,2,6.99,
,1.495,,2,2.99,
9781621534815,3.995,,2,7.99,
9788861303461,9.995,,2,19.99,
9781846814747,3.495,,2,6.99,
9780544273733,2.995,,2,5.99,
9780300218640,7.495,,2,14.99,
9788857207834,2.495,,2,4.99,
9781597808330,2.995,,2,5.99,
9781786645579,4.995,,2,9.99,
9781634505284,3.995,,2,7.99,
9781614281917,3.495,,2,6.99,
,1.495,,2,2.99,
,1.495,,2,2.99,
9781787550179,3.995,,2,7.99,
9788857215259,9.995,,2,19.99,
9781786641380,3.995,,2,7.99,
9780575108332,3.995,,2,7.99,
9781786641540,3.495,,2,6.99,
9781786641588,4.995,,2,9.99,
,1.495,,2,2.99,
9781786640123,3.995,,2,7.99,
9781787550612,3.495,,2,6.99,
9781786647689,4.995,,2,9.99,
9780571311033,2.995,,2,5.99,
9781474865906,2.995,,2,5.99,
9781571205360,2.495,,2,4.99,
5055382901464,1.495,,2,2.99,
9781787550544,3.495,,2,6.99,
9781780554396,2.495,,2,4.99,
9781785990700,2.495,,2,4.99,
9781471152597,4.995,,2,9.99,
9781909487048,3.995,,2,7.99,
9781784287030,1.995,,2,3.99,
9781613730102,3.995,,2,7.99,
9780300188042,3.995,,2,7.99,
9780300155105,7.495,,2,14.99,
9781629143866,3.74,,2,7.48,
9781633372146,3.995,,2,7.99,
9781910620045,2.495,,2,4.99,
9780738214573,2.995,,2,5.99,
9781786641465,3.995,,2,7.99,
9781787550223,3.995,,2,7.99,
9781787550582,3.495,,2,6.99,
9781787550513,3.495,,2,6.99,
9781787550476,3.495,,2,6.99,
9781620408872,4.995,,2,9.99,
9781907372278,6.495,,2,12.99,
9783848005543,2.995,,2,5.99,
9781783613946,2.495,,2,4.99,
9788862081207,4.995,,2,9.99,
9781785996184,1.995,,2,3.99,
9781788287838,1.995,,2,3.99,
9781784284329,1.995,,2,3.99,
9781788884334,1.995,,2,3.99,
9780992948085,3.495,,2,6.99,
9780300199598,3.495,,2,6.99,
9781555953386,49.995,,2,99.99,
9781602390041,2.995,,2,5.99,
9780300140644,12.495,,2,24.99,
9781786647849,3.995,,2,7.99,
9781783612680,3.995,,2,7.99,
9781608876686,3.995,,2,7.99,
9781600581953,2.995,,2,5.99,
9783939566496,7.495,,2,14.99,
9781784287023,1.995,,2,3.99,
9781783613625,3.995,,2,7.99,
9781787552227,4.995,,2,9.99,
9781787550445,3.495,,2,6.99,
9781787550841,3.995,,2,7.99,
9781786645630,3.995,,2,7.99,
9781787552166,3.995,,2,7.99,
9781787552173,3.995,,2,7.99,
9781786645685,3.995,,2,7.99,
9781787550834,3.995,,2,7.99,
9781786645678,3.995,,2,7.99,
9781907804632,7.495,,2,14.99,
9781783613199,3.995,,2,7.99,
9781608878635,2.995,,2,5.99,
9781786645272,9.995,,2,19.99,
,0.995,,2,1.99,
9781473214477,3.495,,2,6.99,
9780300166286,3.995,,2,7.99,
9781632204844,2.995,,2,5.99,
9781626361386,3.995,,2,7.99,
9781561634620,2.995,,2,5.99,
9780892811366,2.995,,2,5.99,
9781474862714,2.995,,2,5.99,
9780764971297,2.995,,2,5.99,
9780300197488,3.495,,2,6.99,
9780763681821,2.995,,2,5.99,
9780823099030,2.495,,2,4.99,
,2.495,,2,4.99,
9781613216958,4.995,,2,9.99,
9780300151633,3.995,,2,7.99,
9780785829171,4.995,,2,9.99,
9780375425363,2.995,,2,5.99,
9781576875223,2.495,,2,4.99,
,1.495,,2,2.99,
9781786640635,3.495,,2,6.99,
9780811716161,3.495,,2,6.99,
,0.995,,2,1.99,
9780763681470,2.995,,2,5.99,
,0.995,,2,1.99,
9781474871297,3.495,,2,6.99,
9780957144279,3.495,,2,6.99,
9781840226096,2.495,,2,4.99,
9781604335019,2.995,,2,5.99,
9780008158118,4.995,,2,9.99,
9781616892487,4.995,,2,9.99,
9780008105693,3.495,,2,6.99,
9781840225792,2.495,,2,4.99,
9780946719938,2.995,,2,5.99,
9780764944307,1.495,,2,2.99,
9781786641441,3.495,,2,6.99,
,3.995,,2,7.99,
9781902775425,2.495,,2,4.99,
9781902775432,2.495,,2,4.99,
9780300208436,7.495,,2,14.99,
9783869306803,6.495,,2,12.99,
9781561634897,2.49,,2,4.98,
9781849941389,2.995,,2,5.99,
9781760068455,3.495,,2,6.99,
9781250131058,14.995,,2,29.99,
9781853267499,1.995,,2,3.99,
9780811713597,4.995,,2,9.99,
,0.995,,2,1.99,
9781786640024,3.995,,2,7.99,
9781608636396,3.995,,2,7.99,
9781620096642,3.995,,2,7.99,
9780881929812,2.995,,2,5.99,
9780811711241,3.995,,2,7.99,
9781780285702,3.495,,2,6.99,
9780811712088,3.995,,2,7.99,
9781601603586,2.495,,2,4.99,
9781571338228,2.495,,2,4.99,
9783791352534,7.495,,2,14.99,
9788862082129,7.495,,2,14.99,
9780575111202,3.995,,2,7.99,
9781786640017,3.995,,2,7.99,
5055382901655,1.495,,2,2.99,
5055382901662,1.495,,2,2.99,
9781632203120,2.995,,2,5.99,
9781472307705,2.995,,2,5.99,
4005556823482,4.995,,2,9.99,
4005556269150,12.495,,2,24.99,
9781250124951,4.995,,2,9.99,
9780295986371,3.495,,2,6.99,
9781844063321,2.495,,2,4.99,
9781454700180,2.495,,2,4.99,
9781786647832,4.995,,2,9.99,
9781843098447,3.495,,2,6.99,
9781845339753,3.495,,2,6.99,
9780786718597,2.995,,2,5.99,
9781472136770,2.995,,2,5.99,
9781906672379,3.995,,2,7.99,
9781787550759,4.995,,2,9.99,
9780847836949,9.995,,2,19.99,
9780300218886,12.495,,2,24.99,
9781620096611,2.995,,2,5.99,
9780300164633,2.995,,2,5.99,
9781844062546,2.495,,2,4.99,
9781480330641,3.995,,2,7.99,
9780764953866,1.995,,2,3.99,
,2.495,,2,4.99,
9780300191783,7.495,,2,14.99,
9781585676279,2.995,,2,5.99,
9780575119321,3.995,,2,7.99,
9781634502603,2.995,,2,5.99,
9780715337585,3.995,,2,7.99,
9781847325570,2.495,,2,4.99,
9781608630981,3.495,,2,6.99,
9780785832881,2.995,,2,5.99,
9781602396913,2.495,,2,4.99,
,1.995,,2,3.99,
9781628724196,2.495,,2,4.99,
5028421942568,2.995,,2,5.99,
9780801891632,2.995,,2,5.99,
9780990557142,4.995,,2,9.99,
9781440342196,2.995,,2,5.99,
9780340682104,2.995,,2,5.99,
9781786641250,3.995,,2,7.99,
9789626343791,2.995,,2,5.99,
9780801896927,3.495,,2,6.99,
9781906507022,12.495,,2,24.99,
9781786647702,4.995,,2,9.99,
9780983270287,7.495,,2,14.99,
9781844062362,2.495,,2,4.99,
9780300147155,12.495,,2,24.99,
9781561633630,2.495,,2,4.99,
9780300197990,7.495,,2,14.99,
9780764937668,4.995,,2,9.99,
9781787550070,3.995,,2,7.99,
9781786641458,3.995,,2,7.99,
9788895862828,4.995,,2,9.99,
9780897333924,2.495,,2,4.99,
9781501117404,2.995,,2,5.99,
9781783613755,4.995,,2,9.99,
9781783613748,4.995,,2,9.99,
9781591142423,7.495,,2,14.99,
9781903942192,9.995,,2,19.99,
9783848003839,1.995,,2,3.99,
,1.995,,2,3.99,
9781786641175,3.495,,2,6.99,
9781440243639,2.995,,2,5.99,
9780544104655,6.495,,2,12.99,
9780500288191,4.995,,2,9.99,
9780750962285,2.995,,2,5.99,
9780781808958,1.995,,2,3.99,
9781786642394,3.495,,2,6.99,
9781785999291,1.995,,2,3.99,
9781783616077,9.995,,2,19.99,
9781783612109,3.995,,2,7.99,
9781787550322,3.995,,2,7.99,
9788578500993,9.995,,2,19.99,
9781602399617,3.495,,2,6.99,
9780990532019,3.995,,2,7.99,
9781614281436,7.495,,2,14.99,
,3.995,,2,7.99,
9781840226584,2.495,,2,4.99,
9781606061398,4.995,,2,9.99,
9780872902015,14.995,,2,29.99,
9781608864218,4.995,,2,9.99,
4005560000008,4.995,,2,9.99,
,0.995,,2,1.99,
9781784044015,3.995,,2,7.99,
9780892369423,6.495,,2,12.99,
9781784044015,3.995,,2,7.99,
9781784286989,1.995,,2,3.99,
9781847327406,4.995,,2,9.99,
9781561634743,2.995,,2,5.99,
9781589235243,4.995,,2,9.99,
9781510707429,2.995,,2,5.99,
9781510707450,2.995,,2,5.99,
,4.995,,2,9.99,
9780300189902,7.495,,2,14.99,
9781853264658,2.495,,2,4.99,
9781440345685,2.995,,2,5.99,
9781421402710,3.495,,2,6.99,
9781906868956,2.495,,2,4.99,
9781449430566,4.995,,2,9.99,
9780873282130,2.995,,2,5.99,
9780451476845,2.995,,2,5.99,
9781840226911,2.495,,2,4.99,
9781908714039,2.495,,2,4.99,
,2.995,,2,5.99,
9780811712521,2.995,,2,5.99,
9780811711838,3.495,,2,6.99,
9781488934650,1.495,,2,2.99,
9781786646675,3.995,,2,7.99,
9788857207223,2.495,,2,4.99,
9781910620052,2.495,,2,4.99,
9780811712545,3.495,,2,6.99,
9781783616725,3.995,,2,7.99,
9780300115574,9.995,,2,19.99,
,0.995,,2,1.99,
9781590204030,3.995,,2,7.99,
9780764951275,1.995,,2,3.99,
9781590202234,2.995,,2,5.99,
9781847805898,2.495,,2,4.99,
9781613450192,1.995,,2,3.99,
9781784286040,2.995,,2,5.99,
9781481489515,3.495,,2,6.99,
9780761158561,2.995,,2,5.99,
9781608878925,2.995,,2,5.99,
,19.995,,2,39.99,
9780300221466,3.995,,2,7.99,
,1.495,,2,2.99,
9781783619412,3.495,,2,6.99,
,1.495,,2,2.99,
9781786641199,3.495,,2,6.99,
9781844063222,2.495,,2,4.99,
9781401240394,3.495,,2,6.99,
9780300219142,4.995,,2,9.99,
9781941393079,3.495,,2,6.99,
9789881320445,4.995,,2,9.99,
9788857203287,7.495,,2,14.99,
9781786641083,4.995,,2,9.99,
9781561635009,2.995,,2,5.99,
8904186903839,3.495,,2,6.99,
9781885116017,3.495,,2,6.99,
,1.995,,2,3.99,
9781581607475,2.995,,2,5.99,
9781604332667,2.995,,2,5.99,
9781846891151,1.995,,2,3.99,
9780985159542,1.995,,2,3.99,
9780874516166,3.995,,2,7.99,
9781556524233,2.495,,2,4.99,
9781604680133,3.495,,2,6.99,
9781786641243,3.995,,2,7.99,
9781468306590,19.995,,2,39.99,
,2.995,,2,5.99,
,2.495,,2,4.99,
9781785996269,2.495,,2,4.99,
9781847863003,9.995,,2,19.99,
9781606061121,2.995,,2,5.99,
9781594772696,3.995,,2,7.99,
9780872901667,4.995,,2,9.99,
9780300215250,6.495,,2,12.99,
9780300195439,2.995,,2,5.99,
9780876637784,2.495,,2,4.99,
9780811713283,3.495,,2,6.99,
9780300189780,4.995,,2,9.99,
9781944713027,3.495,,2,6.99,
9780300205626,9.995,,2,19.99,
9781783619986,4.995,,2,9.99,
9780805241815,9.995,,2,19.99,
9780764967184,2.495,,2,4.99,
9780300196788,3.495,,2,6.99,
9781440241741,2.995,,2,5.99,
9781608630776,3.995,,2,7.99,
9781859063118,2.495,,2,4.99,
9781571336316,4.995,,2,9.99,
9781440543463,2.995,,2,5.99,
9781781805633,2.995,,2,5.99,
9781786645456,4.995,,2,9.99,
9781783619948,3.995,,2,7.99,
9781844063352,2.495,,2,4.99,
9781783613601,3.995,,2,7.99,
9781910065389,4.995,,2,9.99,
9781844838059,2.995,,2,5.99,
9781844062577,2.495,,2,4.99,
9780578060668,7.495,,2,14.99,
9781576874387,3.995,,2,7.99,
9781847922182,2.495,,2,4.99,
9781787550575,3.495,,2,6.99,
9781682450505,2.995,,2,5.99,
9780300108729,4.995,,2,9.99,
9780715649985,2.995,,2,5.99,
9780300197440,4.995,,2,9.99,
9781785996382,1.995,,2,3.99,
9780143108078,3.995,,2,7.99,
9781783420650,2.995,,2,5.99,
9781841660578,2.495,,2,4.99,
9780295998114,4.995,,2,9.99,
9781786647672,4.995,,2,9.99,
9780300125665,4.995,,2,9.99,
9781617134548,3.495,,2,6.99,
9780867194692,2.495,,2,4.99,
9783791353968,19.995,,2,39.99,
,1.495,,2,2.99,
9781783616855,3.495,,2,6.99,
9781783611911,3.995,,2,7.99,
5055136302752,1.495,,2,2.99,
9781783613502,3.995,,2,7.99,
5065000413644,1.495,,2,2.99,
,1.495,,2,2.99,
,1.495,,2,2.99,
,1.495,,2,2.99,
,1.495,,2,2.99,
9781786640208,3.495,,2,6.99,
5055382900559,1.495,,2,2.99,
5055136304954,1.495,,2,2.99,
9781783611119,3.995,,2,7.99,
,1.495,,2,2.99,
9781788881883,1.995,,2,3.99,
9780875011066,2.995,,2,5.99,
9780991341948,9.995,,2,19.99,
9781507201206,2.495,,2,4.99,
9781843795674,3.995,,2,7.99,
9780300208863,4.995,,2,9.99,
9781606060841,6.495,,2,12.99,
9783037681107,12.495,,2,24.99,
9780300207736,6.495,,2,12.99,
9780300217087,7.495,,2,14.99,
,1.995,,2,3.99,
,3.995,,2,7.99,
9781501164132,3.995,,2,7.99,
9781861084620,2.495,,2,4.99,
9780763663704,2.995,,2,5.99,
9781454704188,3.995,,2,7.99,
9780870708374,7.495,,2,14.99,
9781622269723,2.995,,2,5.99,
9780764954931,1.495,,2,2.99,
,4.995,,2,9.99,
,3.995,,2,7.99,
9780856676512,9.995,,2,19.99,
9780300161373,9.995,,2,19.99,
9781608875511,2.495,,2,4.99,
9781474857451,2.995,,2,5.99,
9781682980255,2.995,,2,5.99,
9780553418002,2.495,,2,4.99,
9781483083735,3.74,,2,7.48,
9780300194555,7.495,,2,14.99,
9780007549726,2.995,,2,5.99,
9781608630301,3.495,,2,6.99,
9781783616732,3.995,,2,7.99,
9780801898921,2.995,,2,5.99,
9781786646200,3.995,,2,7.99,
9781584235156,3.995,,2,7.99,
9783899555073,6.495,,2,12.99,
9781476730530,2.995,,2,5.99,
9781604681352,3.495,,2,6.99,
9780300219746,3.495,,2,6.99,
9780300164374,2.495,,2,4.99,
9788857207827,2.495,,2,4.99,
,3.995,,2,7.99,
,2.995,,2,5.99,
9781783613489,3.995,,2,7.99,
9781844063369,2.495,,2,4.99,
9780753724323,2.995,,2,5.99,
9783848008711,2.995,,2,5.99,
9780451475145,2.495,,2,4.99,
9781401950378,3.995,,2,7.99,
9781584234906,4.995,,2,9.99,
9781594770821,2.995,,2,5.99,
9781782214021,2.995,,2,5.99,
9780300170986,4.995,,2,9.99,
9781440348785,2.995,,2,5.99,
9781782431770,1.995,,2,3.99,
9781787002494,2.995,,2,5.99,
9780307263933,3.495,,2,6.99,
,1.495,,2,2.99,
9781585676316,2.995,,2,5.99,
9781785996283,1.995,,2,3.99,
,4.995,,2,9.99,
,1.995,,2,3.99,
9780300167887,3.495,,2,6.99,
9780300180619,3.995,,2,7.99,
9781844062560,2.495,,2,4.99,
9781421408521,3.495,,2,6.99,
9781440244223,2.995,,2,5.99,
9781481456548,2.495,,2,4.99,
9780764958892,1.995,,2,3.99,
9780300161618,2.495,,2,4.99,
9781787550193,3.995,,2,7.99,
9780811714617,3.995,,2,7.99,
9781632205841,3.995,,2,7.99,
9781906506254,4.995,,2,9.99,
,1.495,,2,2.99,
9780300214260,3.995,,2,7.99,
9781611801613,4.995,,2,9.99,
9781632205100,3.495,,2,6.99,
9781786647788,3.995,,2,7.99,
9780872901698,9.995,,2,19.99,
9781468310757,3.495,,2,6.99,
9781786641434,3.495,,2,6.99,
9781401250355,4.995,,2,9.99,
9781787550155,3.995,,2,7.99,
9780764969164,2.995,,2,5.99,
,0.995,,2,1.99,
9781534406148,2.495,,2,4.99,
9780062089434,3.495,,2,6.99,
9781784287047,1.995,,2,3.99,
,3.995,,2,7.99,
,0.995,,2,1.99,
9782904732775,4.995,,2,9.99,
9781844063239,2.495,,2,4.99,
9780956642035,3.495,,2,6.99,
9781786644916,4.995,,2,9.99,
9780764962042,2.995,,2,5.99,
9780300092226,4.995,,2,9.99,
9781883052423,3.495,,2,6.99,
9781843797371,2.995,,2,5.99,
9781906509415,7.495,,2,14.99,
9781782434146,2.995,,2,5.99,
9780870744891,3.495,,2,6.99,
9781614280781,9.995,,2,19.99,
9781783611973,3.995,,2,7.99,
9781783616848,3.495,,2,6.99,
9781864690019,1.495,,2,2.99,
9781864690156,1.495,,2,2.99,
9781440246418,3.995,,2,7.99,
9781787550865,4.995,,2,9.99,
9781787550872,4.995,,2,9.99,
9781787550131,3.995,,2,7.99,
9781787550209,3.995,,2,7.99,
9781787550285,3.995,,2,7.99,
9781787550599,3.495,,2,6.99,
9781787550506,3.495,,2,6.99,
9781786644640,4.995,,2,9.99,
9788498014136,3.995,,2,7.99,
9781786641663,3.495,,2,6.99,
9780571331222,2.995,,2,5.99,
9780300186185,4.995,,2,9.99,
9781604334777,4.995,,2,9.99,
9781608872848,2.995,,2,5.99,
9781787550186,3.995,,2,7.99,
9781401951610,2.995,,2,5.99,
9781785996276,1.995,,2,3.99,
9780300216189,2.995,,2,5.99,
9781786645418,3.995,,2,7.99,
,14.995,,2,29.99,
9781607741114,2.495,,2,4.99,
9781576872536,3.995,,2,7.99,
9780575128866,3.995,,2,7.99,
9781783611843,3.995,,2,7.99,
9781786640680,3.495,,2,6.99,
9781780192161,2.995,,2,5.99,
9781786644626,4.995,,2,9.99,
9781608875207,3.495,,2,6.99,
9781783619726,3.995,,2,7.99,
,0.995,,2,1.99,
9780008134891,3.495,,2,6.99,
9781608631698,2.495,,2,4.99,
9781786641496,3.995,,2,7.99,
9781783616817,3.495,,2,6.99,
9781786641038,3.495,,2,6.99,
9781786640628,3.495,,2,6.99,
9781608633357,2.495,,2,4.99,
9781608864034,2.995,,2,5.99,
9781629147734,2.995,,2,5.99,
,1.495,,2,2.99,
9781571334336,2.495,,2,4.99,
9780857753816,3.995,,2,7.99,
9781604335354,3.495,,2,6.99,
9781604335705,3.495,,2,6.99,
9780956896230,2.495,,2,4.99,
9780754822707,2.495,,2,4.99,
9781472351463,3.995,,2,7.99,
9780715643761,2.995,,2,5.99,
9780300211634,4.995,,2,9.99,
9780008110581,1.995,,2,3.99,
9781864705171,3.995,,2,7.99,
9780750966269,2.995,,2,5.99,
9781845435448,2.995,,2,5.99,
,3.495,,2,6.99,
,3.495,,2,6.99,
9780956642042,3.995,,2,7.99,
9781784286057,2.995,,2,5.99,
9781629146614,4.995,,2,9.99,
9781634501712,2.495,,2,4.99,
,0.995,,2,1.99,
9780345813930,4.995,,2,9.99,
9780810988873,9.995,,2,19.99,
9781454922896,2.495,,2,4.99,
9781908337214,14.995,,2,29.99,
9781442365438,2.995,,2,5.99,
9788881586806,2.995,,2,5.99,
9781851242832,9.995,,2,19.99,
9781844769872,2.995,,2,5.99,
9781844768219,3.495,,2,6.99,
9780810946170,3.995,,2,7.99,
9781786641755,3.995,,2,7.99,
9781603427401,2.995,,2,5.99,
9780300200652,4.995,,2,9.99,
9780300214239,9.995,,2,19.99,
,2.995,,2,5.99,
9783283012151,9.995,,2,19.99,
9780300112313,3.495,,2,6.99,
9781908970084,3.495,,2,6.99,
9780300209488,9.995,,2,19.99,
9781907804403,4.995,,2,9.99,
9781910500415,3.995,,2,7.99,
9781621534457,2.995,,2,5.99,
9781864704921,9.995,,2,19.99,
9781620096420,2.995,,2,5.99,
9781851774463,12.495,,2,24.99,
9781620097274,2.995,,2,5.99,
9781780283883,2.995,,2,5.99,
9781780285269,3.995,,2,7.99,
9781611685541,3.995,,2,7.99,
9780857756220,2.995,,2,5.99,
9781468307139,3.995,,2,7.99,
,0.995,,2,1.99,
9780575132030,3.995,,2,7.99,
9781606060551,3.495,,2,6.99,
9780764967894,2.495,,2,4.99,
9780575117556,3.995,,2,7.99,
9788862081863,7.495,,2,14.99,
9781786644886,4.995,,2,9.99,
9780789212009,2.995,,2,5.99,
9780789212016,2.995,,2,5.99,
9781786645326,4.995,,2,9.99,
9781786645333,4.995,,2,9.99,
9781897476253,1.995,,2,3.99,
9781440246982,3.995,,2,7.99,
,1.495,,2,2.99,
,1.495,,2,2.99,
5055136310368,1.495,,2,2.99,
9780763664879,2.495,,2,4.99,
9780718039578,2.995,,2,5.99,
9780300181142,9.995,,2,19.99,
9780785822998,4.99,,2,9.98,
9781580231329,2.495,,2,4.99,
9781907708121,7.495,,2,14.99,
9781585678952,2.495,,2,4.99,
9781401209636,2.495,,2,4.99,
9781787550094,3.995,,2,7.99,
9780764937248,1.495,,2,2.99,
9780878466580,1.995,,2,3.99,
9780972449717,3.995,,2,7.99,
9788881585960,2.995,,2,5.99,
9780934552790,3.495,,2,6.99,
9780764964831,2.495,,2,4.99,
9781787550490,3.495,,2,6.99,
,0.995,,2,1.99,
9780300181609,2.995,,2,5.99,
9781786640659,3.495,,2,6.99,
9781786641274,3.495,,2,6.99,
9781787550230,3.995,,2,7.99,
9781787550766,4.995,,2,9.99,
9781786641045,3.495,,2,6.99,
9781786641311,4.995,,2,9.99,
9781787550063,3.995,,2,7.99,
9781787550483,3.495,,2,6.99,
,2.495,,2,4.99,
9780300171907,3.495,,2,6.99,
9781401202194,3.245,,2,6.49,
9781841814612,3.495,,2,6.99,
9781783617005,2.995,,2,5.99,
717794720723,2.995,,2,5.99,
9781910552025,3.495,,2,6.99,
9780763610784,1.495,,2,2.99,
9781783611942,3.995,,2,7.99,
,0.995,,2,1.99,
9781786642288,2.995,,2,5.99,
9788862082877,4.995,,2,9.99,
,0.995,,2,1.99,
9781781167045,3.495,,2,6.99,
9781934429884,2.995,,2,5.99,
9780801893971,2.995,,2,5.99,
9781628726923,3.495,,2,6.99,
9781473214491,3.495,,2,6.99,
9780143109419,3.995,,2,7.99,
5055382901679,1.495,,2,2.99,
9781786640246,3.495,,2,6.99,
9781783616824,3.495,,2,6.99,
,1.495,,2,2.99,
9781783616787,3.495,,2,6.99,
,1.495,,2,2.99,
9781783616602,3.995,,2,7.99,
5055136310368,1.495,,2,2.99,
9781783616879,3.495,,2,6.99,
9781786640642,3.495,,2,6.99,
9781786646248,3.995,,2,7.99,
,1.495,,2,2.99,
9781786641847,2.995,,2,5.99,
9781786641564,4.995,,2,9.99,
9781786641533,3.495,,2,6.99,
9781786641991,3.995,,2,7.99,
9780983270249,3.995,,2,7.99,
9781936096657,4.995,,2,9.99,
9788857213798,2.495,,2,4.99,
9780811714440,3.495,,2,6.99,
9781784286156,2.495,,2,4.99,
9781451641974,4.995,,2,9.99,
9781604682496,3.495,,2,6.99,
9781787550247,3.995,,2,7.99,
9781608872831,2.995,,2,5.99,
,3.995,,2,7.99,
9780007510665,6.495,,2,12.99,
9781788280501,1.995,,2,3.99,
9780711234772,2.995,,2,5.99,
9780008184919,3.495,,2,6.99,
9782035420541,2.995,,2,5.99,
9782035421425,1.995,,2,3.99,
9780873281423,1.995,,2,3.99,
9781788280594,2.495,,2,4.99,
9781907317972,3.995,,2,7.99,
9781590206881,2.995,,2,5.99,
9780285633940,2.495,,2,4.99,
9780967735900,2.495,,2,4.99,
9780300204131,7.495,,2,14.99,
9781846973499,3.495,,2,6.99,
9780752490045,2.995,,2,5.99,
9781780192390,2.995,,2,5.99,
9781781450390,3.995,,2,7.99,
9781786646262,3.495,,2,6.99,
9781786646385,4.995,,2,9.99,
9780785830146,2.495,,2,4.99,
9780857833198,1.995,,2,3.99,
,0.995,,2,1.99,
9781606060896,3.995,,2,7.99,
9780967735948,2.495,,2,4.99,
9781786640604,2.995,,2,5.99,
9780794842284,4.995,,2,9.99,
9781840220681,2.995,,2,5.99,
9780618428250,7.495,,2,14.99,
9781440243974,2.995,,2,5.99,
9780802124074,2.995,,2,5.99,
9781842404713,2.495,,2,4.99,
9780544528604,3.995,,2,7.99,
714266230322,2.495,,2,4.99,
9781844008841,2.495,,2,4.99,
9782080106278,1.995,,2,3.99,
9781620876138,3.995,,2,7.99,
9781468301557,2.995,,2,5.99,
9780847833047,7.495,,2,14.99,
9780820704364,3.995,,2,7.99,
9780152059095,3.495,,2,6.99,
9781635650655,3.495,,2,6.99,
9781602399839,2.995,,2,5.99,
9780300191004,3.495,,2,6.99,
9781786641328,4.995,,2,9.99,
9781743607008,2.495,,2,4.99,
9781743609309,2.495,,2,4.99,
9781786578969,2.495,,2,4.99,
9781743609347,2.495,,2,4.99,
9781786579027,2.495,,2,4.99,
9781743606988,2.495,,2,4.99,
9781760342364,2.495,,2,4.99,
9781743606995,2.495,,2,4.99,
9781743609323,2.495,,2,4.99,
9781743609385,2.495,,2,4.99,
9780008139612,4.995,,2,9.99,
9781632204141,2.995,,2,5.99,
9781783611409,3.995,,2,7.99,
,1.495,,2,2.99,
9781787550742,4.995,,2,9.99,
9780764965258,2.495,,2,4.99,
9780300212563,3.995,,2,7.99,
9781851242788,12.495,,2,24.99,
9780571328833,4.995,,2,9.99,
9781788287722,1.995,,2,3.99,
9781783616664,3.995,,2,7.99,
9781786641519,3.495,,2,6.99,
9781786641106,4.995,,2,9.99,
9780857758484,3.995,,2,7.99,
9781611683998,4.995,,2,9.99,
9781788881869,1.995,,2,3.99,
,3.995,,2,7.99,
9780745965727,2.995,,2,5.99,
9781408114162,2.495,,2,4.99,
9781446303832,2.495,,2,4.99,
9780300180671,3.995,,2,7.99,
9788857207230,2.495,,2,4.99,
9780300209181,7.495,,2,14.99,
9781421408439,37.495,,2,74.99,
9780786720460,2.995,,2,5.99,
9781472120038,2.995,,2,5.99,
9780786717262,2.995,,2,5.99,
9781844062515,2.495,,2,4.99,
9781788881852,1.995,,2,3.99,
9781786640055,3.995,,2,7.99,
9781787550469,3.495,,2,6.99,
9781468300703,3.495,,2,6.99,
,3.995,,2,7.99,
9788857209807,2.495,,2,4.99,
9781786646682,4.995,,2,9.99,
9783791350486,7.495,,2,14.99,
9781400042524,1.995,,2,3.99,
9781483083681,3.74,,2,7.48,
9780764944291,1.995,,2,3.99,
9780300124026,9.995,,2,19.99,
9781847960474,4.995,,2,9.99,
9780911886580,2.995,,2,5.99,
9781510740815,2.495,,2,4.99,
9781614284604,12.495,,2,24.99,
9781907317583,4.995,,2,9.99,
9780810966130,4.995,,2,9.99,
9781784284497,2.495,,2,4.99,
9781481488976,1.495,,2,2.99,
9781844062591,2.495,,2,4.99,
9780300171112,7.495,,2,14.99,
9781933492698,2.995,,2,5.99,
9781634502511,3.995,,2,7.99,
9781783613618,3.995,,2,7.99,
9781787550520,3.495,,2,6.99,
9781783613960,2.495,,2,4.99,
9780500420393,2.995,,2,5.99,
9781786641472,3.995,,2,7.99,
9781406339307,2.495,,2,4.99,
9780764937255,1.995,,2,3.99,
9781406346749,2.995,,2,5.99,
9781616088583,3.495,,2,6.99,
,1.995,,2,3.99,
9780399174445,2.495,,2,4.99,
9781468307382,2.995,,2,5.99,
9781600595158,4.995,,2,9.99,
,0.995,,2,1.99,
9780892369775,4.995,,2,9.99,
9781604682786,3.495,,2,6.99,
,2.995,,2,5.99,
9781844766864,2.995,,2,5.99,
9788881586462,3.495,,2,6.99,
,1.495,,2,2.99,
9781844063338,2.495,,2,4.99,
,1.495,,2,2.99,
9780345539847,4.995,,2,9.99,
,1.495,,2,2.99,
9781786641526,3.495,,2,6.99,
9781786641557,4.995,,2,9.99,
9781585679034,2.995,,2,5.99,
,0.995,,2,1.99,
9780811878807,1.995,,2,3.99,
9780872901834,12.495,,2,24.99,
5055136309287,1.495,,2,2.99,
9781786641427,3.495,,2,6.99,
9781783616831,3.495,,2,6.99,
9781786641212,3.995,,2,7.99,
5055136309249,1.495,,2,2.99,
5055136309331 ,1.495,,2,2.99,
,1.495,,2,2.99,
,1.495,,2,2.99,
,1.495,,2,2.99,
9781786640987,3.995,,2,7.99,
9781844063291,2.495,,2,4.99,
9781786641182,3.495,,2,6.99,
9781786641335,4.995,,2,9.99,
9781781300084,2.995,,2,5.99,
9780763633707,2.495,,2,4.99,
9781588860842,3.495,,2,6.99,
9781786641984,3.995,,2,7.99,
9781904438489,1.995,,2,3.99,
9781780671024,2.495,,2,4.99,
9780892368808,2.495,,2,4.99,
9781608630134,3.995,,2,7.99,
9781620098509,2.995,,2,5.99,
9781501128424,4.995,,2,9.99,
9781787550261,3.995,,2,7.99,
9781787552197,4.995,,2,9.99,
9781787552203,4.995,,2,9.99,
9781787550278,3.995,,2,7.99,
9780295994901,4.995,,2,9.99,
9781585673797,3.495,,2,6.99,
9781629911823,3.495,,2,6.99,
9781617130373,2.995,,2,5.99,
9781787552210,4.995,,2,9.99,
9781786641366,3.995,,2,7.99,
9781787550605,3.495,,2,6.99,
9788881586370,2.495,,2,4.99,
9780988311305,2.995,,2,5.99,
9780300191578,7.495,,2,14.99,
9781574671889,3.495,,2,6.99,
9781844838028,3.995,,2,7.99,
9781786641410,3.495,,2,6.99,
,1.495,,2,2.99,
9781786641571,4.995,,2,9.99,
9780300208894,9.995,,2,19.99,
9781468313123,2.995,,2,5.99,
9781590207536,2.995,,2,5.99,
9781907708947,3.995,,2,7.99,
9781906672225,3.995,,2,7.99,
9781781451007,3.995,,2,7.99,
9780956642066,3.495,,2,6.99,
,0.995,,2,1.99,
9781626360846,3.995,,2,7.99,
9781474865975,2.995,,2,5.99,
9781786647696,4.995,,2,9.99,
9780300119442,14.995,,2,29.99,
9781589237599,2.495,,2,4.99,
,1.995,,2,3.99,
,0.995,,2,1.99,
9788862084642,4.995,,2,9.99,
9780544635081,2.995,,2,5.99,
9781783615902,3.995,,2,7.99,
9783283012120,9.995,,2,19.99,
9781787550537,3.495,,2,6.99,
9781439132968,2.995,,2,5.99,
9781786641236,3.995,,2,7.99,
9780804839198,2.495,,2,4.99,
9781785996252,1.995,,2,3.99,
9781788283052,1.995,,2,3.99,
9781905222537,2.495,,2,4.99,
9781905222964,2.495,,2,4.99,
9781847960832,4.995,,2,9.99,
9781590202296,2.995,,2,5.99,
9780190462536,2.995,,2,5.99,
9781566569187,4.995,,2,9.99,
9781440244230,2.995,,2,5.99,
9780300156485,9.995,,2,19.99,
9781783616107,9.995,,2,19.99,
9780300208306,4.995,,2,9.99,
9781421411378,3.495,,2,6.99,
9781786641489,3.995,,2,7.99,
9780892368785,1.995,,2,3.99,
9781590208656,2.995,,2,5.99,
9781601257819,4.995,,2,9.99,
9781601258816,4.995,,2,9.99,
9781601258489,4.995,,2,9.99,
9781601257987,4.995,,2,9.99,
9780300186628,3.495,,2,6.99,
,1.995,,2,3.99,
9780713490671,3.495,,2,6.99,
9781932476071,3.495,,2,6.99,
9781847494931,2.495,,2,4.99,
9781784880354,2.495,,2,4.99,
,0.995,,2,1.99,
,0.995,,2,1.99,
9781591142249,2.995,,2,5.99,
9780575120211,3.995,,2,7.99,
9780763675776,2.995,,2,5.99,
9781851775965,2.995,,2,5.99,
9781620553213,3.495,,2,6.99,
9781601257512,4.995,,2,9.99,
9781601255648,4.995,,2,9.99,
9781601256942,4.995,,2,9.99,
9781601256829,4.995,,2,9.99,
9781601255655,4.995,,2,9.99,
9781601255631,4.995,,2,9.99,
9781601255662,4.995,,2,9.99,
9781601257475,4.995,,2,9.99,
9781601256935,4.995,,2,9.99,
9781601254788,2.495,,2,4.99,
9781601257086,2.495,,2,4.99,
9781601252784,2.495,,2,4.99,
9781601255495,9.995,,2,19.99,
9788881587322,3.995,,2,7.99,
9781786645586,3.995,,2,7.99,
9780764958939,1.995,,2,3.99,
9781786646187,3.995,,2,7.99,
5055382901631,1.495,,2,2.99,
9781783612086,3.995,,2,7.99,
9781787550568,3.495,,2,6.99,
,1.495,,2,2.99,
9781787550032,3.995,,2,7.99,
,1.995,,2,3.99,
9780957570047,3.995,,2,7.99,
9781786640154,3.995,,2,7.99,
9781786640161,4.995,,2,9.99,
9780743583077,2.495,,2,4.99,
9781555914691,2.495,,2,4.99,
9780755377589,3.995,,2,7.99,
9781840224825,1.495,,2,2.99,
,0.995,,2,1.99,
9781785996368,1.995,,2,3.99,
9788881586844,4.995,,2,9.99,
,3.495,,2,6.99,
,2.995,,2,5.99,
9788881586912,7.495,,2,14.99,
9780547840031,9.995,,2,19.99,
,1.495,,2,2.99,
9781786640666,3.495,,2,6.99,
9780789208965,4.995,,2,9.99,
9781786647801,3.495,,2,6.99,
9781787552364,3.495,,2,6.99,
9781783619214,3.495,,2,6.99,
9781783619573,3.495,,2,6.99,
9781783619580,3.495,,2,6.99,
9781783619962,3.495,,2,6.99,
9781440245824,3.495,,2,6.99,
9783848005536,2.995,,2,5.99,
9781783617180,3.995,,2,7.99,
9781783613557,3.995,,2,7.99,
9781596355965,3.995,,2,7.99,
,1.995,,2,3.99,
9780553512274,2.995,,2,5.99,
9781907621093,7.495,,2,14.99,
9781584236436,7.495,,2,14.99,
9780764967900,2.495,,2,4.99,
9780847842292,4.995,,2,9.99,
9781907708404,2.495,,2,4.99,
,1.495,,2,2.99,
9781620097960,3.495,,2,6.99,
9781580176774,1.995,,2,3.99,
9780861404049,7.495,,2,14.99,
9780861403332,7.495,,2,14.99,
9781788287715,1.995,,2,3.99,
9781788287746,1.995,,2,3.99,
9780300116564,9.995,,2,19.99,
9781421407364,3.495,,2,6.99,
9781909487147,3.995,,2,7.99,
9781788280600,1.995,,2,3.99,
9781780971483,4.995,,2,9.99,
9781786645425,9.995,,2,19.99,
9781611686548,4.995,,2,9.99,
9780300208672,3.995,,2,7.99,
9780300207682,7.495,,2,14.99,
9781784045623,2.495,,2,4.99,
9781440338687,5.495,,2,10.99,
9781590307793,4.995,,2,9.99,
9780544702493,3.995,,2,7.99,
9781781090176,3.495,,2,6.99,
9780300203844,9.995,,2,19.99,
9781845435172,2.995,,2,5.99,
9781589237292,2.995,,2,5.99,
,0.995,,2,1.99,
9781440235665,2.495,,2,4.99,
9781634502634,2.995,,2,5.99,
9781606061084,7.495,,2,14.99,
9781572841581,2.995,,2,5.99,
9781784286736,2.995,,2,5.99,
9781628738162,1.995,,2,3.99,
9781933492803,2.995,,2,5.99,
9781401251468,9.995,,2,19.99,
9781608876013,3.995,,2,7.99,
9781788282307,1.995,,2,3.99,
9781908449252,3.495,,2,6.99,
9780785825531,6.49,,2,12.98,
9781629144948,3.495,,2,6.99,
9780544784697,2.495,,2,4.99,
9781788282574,1.995,,2,3.99,
9781595800770,2.995,,2,5.99,
9783848003969,2.995,,2,5.99,
9780824985585,2.495,,2,4.99,
9780929865133,4.995,,2,9.99,
9781510740730,2.495,,2,4.99,
9780062456557,3.995,,2,7.99,
9781622030538,3.495,,2,6.99,
9781468303483,3.495,,2,6.99,
9781608864317,2.495,,2,4.99,
9780300187656,14.995,,2,29.99,
9781844063284,2.495,,2,4.99,
9781783619085,3.995,,2,7.99,
9780300201536,4.995,,2,9.99,
9781590204740,2.995,,2,5.99,
9780991341962,6.495,,2,12.99,
9780300205916,3.495,,2,6.99,
9780898867718,3.495,,2,6.99,
9780872901278,4.995,,2,9.99,
9781844063406,2.495,,2,4.99,
9781574674415,2.995,,2,5.99,
9781620098356,2.995,,2,5.99,
9780300216837,3.995,,2,7.99,
9781250067906,3.995,,2,7.99,
9780300169584,7.495,,2,14.99,
9781785996214,1.995,,2,3.99,
9781786641137,3.995,,2,7.99,
9781906850692,2.495,,2,4.99,
9781632205889,2.495,,2,4.99,
9780615351711,3.995,,2,7.99,
9783848008407,4.995,,2,9.99,
9788862083553,7.495,,2,14.99,
9781786641205,3.495,,2,6.99,
9780300046854,49.995,,2,99.99,
9781480390966,2.995,,2,5.99,
9781888889680,2.495,,2,4.99,
9780764962141,2.495,,2,4.99,
9781616587321,7.495,,2,14.99,
9781787550452,3.495,,2,6.99,
9781786640147,3.995,,2,7.99,
,1.495,,2,2.99,
9781632501202,2.995,,2,5.99,
9781608863686,3.995,,2,7.99,
9780300113136,9.995,,2,19.99,
9780300192155,7.495,,2,14.99,
9781594772849,2.995,,2,5.99,
9781481451222,3.995,,2,7.99,
9780957570085,2.995,,2,5.99,
9781936611034,9.995,,2,19.99,
9781594850790,2.995,,2,5.99,
9781328767554,4.995,,2,9.99,
9781787550001,3.995,,2,7.99,
9780935937169,3.995,,2,7.99,
9781786645548,3.495,,2,6.99,
9781788280525,1.995,,2,3.99,
9781783616718,3.995,,2,7.99,
9781786640260,3.495,,2,6.99,
9780300108002,4.995,,2,9.99,
9781783616503,4.995,,2,9.99,
9781843406761,3.995,,2,7.99,
9781440349027,2.995,,2,5.99,
5055382901556,1.495,,2,2.99,
9781611685169,3.995,,2,7.99,
9781488934537,1.495,,2,2.99,
9781488934599,1.495,,2,2.99,
,1.495,,2,2.99,
9781558499959,3.495,,2,6.99,
9781781162620,1.995,,2,3.99,
9781783617036,2.995,,2,5.99,
9780375870712,2.995,,2,5.99,
9781488910227,4.995,,2,9.99,
9781468301526,2.995,,2,5.99,
9781853261909,1.995,,2,3.99,
9781934033159,3.995,,2,7.99,
,0.995,,2,1.99,
9781785996351,1.995,,2,3.99,
9781579655112,3.495,,2,6.99,
9781844062584,2.495,,2,4.99,
9781451694567,3.995,,2,7.99,
9781620552025,2.495,,2,4.99,
9781934435359,4.995,,2,9.99,
9781935639602,2.995,,2,5.99,
9780062351722,2.495,,2,4.99,
9781788287708,1.995,,2,3.99,
9780300216844,3.995,,2,7.99,
9780897335317,3.995,,2,7.99,
9788881588459,3.995,,2,7.99,
9781786645449,4.995,,2,9.99,
9781616284855,2.495,,2,4.99,
9780980155785,7.495,,2,14.99,
9781440244209,2.995,,2,5.99,
9780931993992,1.99,,2,3.98,
,2.495,,2,4.99,
9781843404774,2.995,,2,5.99,
9781786646224,3.995,,2,7.99,
,0.995,,2,1.99,
9780764956638,2.495,,2,4.99,
9780947889999,3.995,,2,7.99,
,12.495,,2,24.99,
9780300192018,7.495,,2,14.99,
9780971887015,3.995,,2,7.99,
,0.995,,2,1.99,
9781605981826,2.995,,2,5.99,
9780811708739,2.995,,2,5.99,
9780811706919,2.995,,2,5.99,
9780811707497,2.995,,2,5.99,
9781554078028,2.995,,2,5.99,
9780857758835,2.995,,2,5.99,
9781786646378,4.995,,2,9.99,
9781786646194,3.995,,2,7.99,
9781468312652,2.495,,2,4.99,
,0.995,,2,1.99,
,3.995,,2,7.99,
9780692207864,9.995,,2,19.99,
9781844779567,4.995,,2,9.99,
9781783613045,2.995,,2,5.99,
9780996424004,4.995,,2,9.99,
9781848991965,3.995,,2,7.99,
9780300198751,2.995,,2,5.99,
9781594774485,3.995,,2,7.99,
9780300218749,7.495,,2,14.99,
9780007313266,3.495,,2,6.99,
9780957144231,3.495,,2,6.99,
9781564775863,2.995,,2,5.99,
9781604682359,3.495,,2,6.99,
9780715639030,2.995,,2,5.99,
9781563890314,3.245,,2,6.49,
5055382901549,1.495,,2,2.99,
9781608638260,2.495,,2,4.99,
9781786640697,3.495,,2,6.99,
,1.495,,2,2.99,
9781555916299,2.995,,2,5.99,
9781608631599,3.495,,2,6.99,
9783848004140,2.495,,2,4.99,
9781137278890,3.995,,2,7.99,
9781844038404,3.495,,2,6.99,
9780300207774,4.995,,2,9.99,
9781592701988,2.995,,2,5.99,
9781845434380,3.995,,2,7.99,
9781861082220,2.995,,2,5.99,
9781608630097,2.995,,2,5.99,
9781590207116,3.995,,2,7.99,
9781449427108,3.995,,2,7.99,
9781440244544,2.995,,2,5.99,
,0.995,,2,1.99,
9781401220334,3.245,,2,6.49,
9781786641823,4.995,,2,9.99,
9780007390144,2.245,,2,4.49,
9781786646217,3.995,,2,7.99,
9781682980606,3.495,,2,6.99,
9781408844571,3.995,,2,7.99,
9788862082648,4.995,,2,9.99,
9780892369638,6.495,,2,12.99,
9781620877173,2.995,,2,5.99,
9781786645517,4.995,,2,9.99,
9781442349728,3.995,,2,7.99,
9780762413829,1.995,,2,3.99,
9781471157523,4.995,,2,9.99,
717794792027,3.495,,2,6.99,
9781401251772,9.995,,2,19.99,
9788857207810,2.495,,2,4.99,
9780071548441,3.995,,2,7.99,
9781786641007,3.995,,2,7.99,
9781788881890,2.495,,2,4.99,
9781849940429,4.995,,2,9.99,
,0.995,,2,1.99,
9780884010821,3.995,,2,7.99,
9789461300867,7.495,,2,14.99,
,1.495,,2,2.99,
9781580932141,3.995,,2,7.99,
9781554079476,2.995,,2,5.99,
,0.995,,2,1.99,
9781933045627,4.995,,2,9.99,
9788881584826,2.995,,2,5.99,
,3.995,,2,7.99,
9781786646316,4.995,,2,9.99,
9781786640031,3.995,,2,7.99,
9781786641656,3.495,,2,6.99,
9780857751171,3.995,,2,7.99,
9780857753793,3.995,,2,7.99,
9781783611928,3.995,,2,7.99,
9781786640673,3.495,,2,6.99,
9781786641304,3.495,,2,6.99,
9781786641281,3.495,,2,6.99,
9780867196276,3.495,,2,6.99,
9781908714114,2.995,,2,5.99,
9781786644633,4.995,,2,9.99,
9781784681173,2.495,,2,4.99,
9781930957657,2.995,,2,5.99,
9780764949043,1.495,,2,2.99,
9781632206923,3.495,,2,6.99,
,0.995,,2,1.99,
9781906863012,7.495,,2,14.99,
9781510712324,3.995,,2,7.99,
9781626362130,3.995,,2,7.99,
9782843236556,3.495,,2,6.99,
9781597805469,2.995,,2,5.99,
9781629147871,3.495,,2,6.99,
9781903111130,2.995,,2,5.99,
9780300204124,9.995,,2,19.99,
9781780977911,9.995,,2,19.99,
9781474874946,3.495,,2,6.99,
9781861082350,1.995,,2,3.99,
9781682450796,3.495,,2,6.99,
9781501156526,3.995,,2,7.99,
9781847721105,4.995,,2,9.99,
9781628725896,3.495,,2,6.99,
9781682450420,2.995,,2,5.99,
,1.495,,2,2.99,
9781787550438,3.495,,2,6.99,
9781787550728,4.995,,2,9.99,
9781784287054,1.995,,2,3.99,
9781783616749,3.995,,2,7.99,
9781629144016,3.995,,2,7.99,
9780743561495,3.995,,2,7.99,
9782960061406,24.995,,2,49.99,
9782960061406,29.995,,2,59.99,
9780007543021,2.995,,2,5.99,
9781784287139,2.995,,2,5.99,
9781629144405,3.495,,2,6.99,
9781632205063,6.245,,2,12.49,
9780992948078,3.995,,2,7.99,
,1.495,,2,2.99,
9780300218824,4.995,,2,9.99,
9781786644893,4.995,,2,9.99,
,1.495,,2,2.99,
9781786646361,4.995,,2,9.99,
9781786642004,3.995,,2,7.99,
9788881582785,7.495,,2,14.99,
9780865621091,1.995,,2,3.99,
9781628726992,3.495,,2,6.99,
9781423469827,3.495,,2,6.99,
,2.495,,2,4.99,
9780008110482,1.995,,2,3.99,
9780233004495,7.495,,2,14.99,
9781787550629,3.495,,2,6.99,
9780811714471,3.495,,2,6.99,
9781632501622,2.995,,2,5.99,
9781585672646,2.995,,2,5.99,
9781940456683,2.495,,2,4.99,
9780751551662,3.495,,2,6.99,
9780813126012,2.995,,2,5.99,
9781781591376,2.995,,2,5.99,
9780801857898,32.495,,2,64.99,
9781780194035,2.995,,2,5.99,
9781608876068,3.495,,2,6.99,
9780982379981,2.995,,2,5.99,
9781783611935,3.995,,2,7.99,
9781849493574,3.995,,2,7.99,
9781787550254,3.995,,2,7.99,
4005556207572,3.495,,2,6.99,
9781629144504,2.995,,2,5.99,
9780300195026,4.995,,2,9.99,
9780300214338,7.495,,2,14.99,
9781849763189,2.995,,2,5.99,
9783775736626,9.995,,2,19.99,
9781620338520,2.995,,2,5.99,
9781786641397,3.995,,2,7.99,
9781786641120,3.995,,2,7.99,
,1.495,,2,2.99,
9781606905050,2.995,,2,5.99,
9780956642073,3.495,,2,6.99,
9781786644909,4.995,,2,9.99,
9781781572474,3.495,,2,6.99,
9781851243693,2.495,,2,4.99,
9781844062447,2.495,,2,4.99,
,2.495,,2,4.99,
9780285641273,2.995,,2,5.99,
9781458474490,3.495,,2,6.99,
9780544535350,2.495,,2,4.99,
9781844095414,2.495,,2,4.99,
9780300207781,2.49,,2,4.98,
9780993019968,3.995,,2,7.99,
9781510707177,3.495,,2,6.99,
9780992831653,2.495,,2,4.99,
9781682450321,2.995,,2,5.99,
,0.995,,2,1.99,
9781620407080,2.995,,2,5.99,
,1.495,,2,2.99,
9781786641069,3.495,,2,6.99,
9780989170468,3.995,,2,7.99,
9781616287252,2.495,,2,4.99,
9781906868987,2.495,,2,4.99,
9781451624373,3.995,,2,7.99,
9781782435426,1.995,,2,3.99,
None,1.995,,2,3.99,
9781849494557,2.495,,2,4.99,
9780300216158,2.995,,2,5.99,
9781590201633,4.995,,2,9.99,
5065000414634,1.495,,2,2.99,
9781907804410,4.995,,2,9.99,
9781594772115,3.995,,2,7.99,
9781783613434,3.995,,2,7.99,
9781783616862,3.495,,2,6.99,
9781855144842,7.495,,2,14.99,
9781786641052,3.495,,2,6.99,
9780764963568,2.495,,2,4.99,
9783735600721,9.995,,2,19.99,
9781442365902,4.995,,2,9.99,
9781784284275,1.995,,2,3.99,
9781474871303,3.495,,2,6.99,
9781510707603,2.495,,2,4.99,
9781783611447,2.995,,2,5.99,
,1.495,,2,2.99,
9781591430858,3.495,,2,6.99,
,0.995,,2,1.99,
9780300186154,9.995,,2,19.99,
9781788280570,1.995,,2,3.99,
,0.995,,2,1.99,
9781632203205,3.995,,2,7.99,
,1.995,,2,3.99,
9781440346002,3.495,,2,6.99,
9780300200690,4.995,,2,9.99,
9781853264009,2.495,,2,4.99,
4005556823666,4.995,,2,9.99,
9781596686519,2.995,,2,5.99,
,0.995,,2,1.99,
9780300215243,3.995,,2,7.99,
9781608634064,3.495,,2,6.99,
9781608634538,3.995,,2,7.99,
9780861401253,3.995,,2,7.99,
9781476761824,2.995,,2,5.99,
9781481469692,2.995,,2,5.99,
,0.995,,2,1.99,
9780956642011,3.495,,2,6.99,
9781585679621,3.995,,2,7.99,
9781859062883,2.495,,2,4.99,
9781858945248,2.495,,2,4.99,
9781476772264,2.995,,2,5.99,
4005556815616,4.995,,2,9.99,
9781784042844,2.995,,2,5.99,
9781784049812,3.495,,2,6.99,
9781846557125,3.995,,2,7.99,
9781620098516,2.995,,2,5.99,
9781620091340,3.995,,2,7.99,
9781786640086,3.995,,2,7.99,
9780917046933,7.495,,2,14.99,
9781787550025,3.995,,2,7.99,
9780300206371,4.995,,2,9.99,
9781783612918,3.995,,2,7.99,
9780789208941,19.995,,2,39.99,
9780300153088,12.495,,2,24.99,
9781786641649,3.995,,2,7.99,
9781783611126,3.995,,2,7.99,
9781786645432,9.995,,2,19.99,
9781783616695 ,3.995,,2,7.99,
9781783613519,3.995,,2,7.99,
9781501117701,2.995,,2,5.99,
9781888889536,2.495,,2,4.99,
9781783612079,3.995,,2,7.99,
9781844062485,2.495,,2,4.99,
9780008163709,3.995,,2,7.99,
9781844062461,2.495,,2,4.99,
9780752462042,1.995,,2,3.99,
9781840221510,1.995,,2,3.99,
9781853261701,1.995,,2,3.99,
9780881507409,2.495,,2,4.99,
9781783612185,3.495,,2,6.99,
9781784283247,3.495,,2,6.99,
9781788883252,1.995,,2,3.99,
9781783616091,9.995,,2,19.99,
9780300187113,4.995,,2,9.99,
9781786640284,3.995,,2,7.99,
9781783616046,3.995,,2,7.99,
9780857751133,3.995,,2,7.99,
9781783616954,4.995,,2,9.99,
9781571335548,3.995,,2,7.99,
9781571335524,1.995,,2,3.99,
9789881809476,2.495,,2,4.99,
9781786640550,2.495,,2,4.99,
9780300141269,9.995,,2,19.99,
9781589231672,2.495,,2,4.99,
9781597805483,2.495,,2,4.99,
9780811711258,3.995,,2,7.99,
9781617130083,3.995,,2,7.99,
9780764928703,1.995,,2,3.99,
9781604619225,7.495,,2,14.99,
9781786644824,3.995,,2,7.99,
9781783616626,3.995,,2,7.99,
9780393071023,3.995,,2,7.99,
9780735212152,3.995,,2,7.99,
9780300205282,2.995,,2,5.99,
9780300195675,3.995,,2,7.99,
9781783664504,4.995,,2,9.99,
9780300179446,6.495,,2,12.99,
9780873281690,2.495,,2,4.99,
9780944092415,9.995,,2,19.99,
9781419700149,2.995,,2,5.99,
9780300195569,4.995,,2,9.99,
9780762446452,2.495,,2,4.99,
9781786641625,3.995,,2,7.99,
9781601090287,9.995,,2,19.99,
9780300176414,9.995,,2,19.99,
9780393339369,2.495,,2,4.99,
9781878390134,2.995,,2,5.99,
9781783612123,3.995,,2,7.99,
9780300186994,4.995,,2,9.99,
9781783612062,3.995,,2,7.99,
9781786645463,3.995,,2,7.99,
9781558497443,7.495,,2,14.99,
9781783611959,3.995,,2,7.99,
9781786640109,3.995,,2,7.99,
9781783616596,3.995,,2,7.99,
9781783616923,4.995,,2,9.99,
9781786646309,4.995,,2,9.99,
9781783611836,3.995,,2,7.99,
9780857751164,3.995,,2,7.99,
9780300204537,9.995,,2,19.99,
9780099554349,2.495,,2,4.99,
9781783613588,3.995,,2,7.99,
9781844062683,2.495,,2,4.99,
9780300196023,7.495,,2,14.99,
9781786644657,4.995,,2,9.99,
9781783616701,3.995,,2,7.99,
9780300207903,4.995,,2,9.99,
9781783619993,9.995,,2,19.99,
9780764949357,2.495,,2,4.99,
9781845435035,2.995,,2,5.99,
9781788282437,2.495,,2,4.99,
9780300209211,7.495,,2,14.99,
9780857758477,3.995,,2,7.99,
9781783611485,3.995,,2,7.99,
9781682980590,3.495,,2,6.99,
9780517562345,3.995,,2,7.99,
9781783615919,3.995,,2,7.99,
9781845877989,1.995,,2,3.99,
9781786641632,3.995,,2,7.99,
9781786641618,3.995,,2,7.99,
9780300191011,9.995,,2,19.99,
9781783611478,3.995,,2,7.99,
9781878390127,2.995,,2,5.99,
9780881508659,2.495,,2,4.99,
9780300181050,4.995,,2,9.99,
9780393069006,2.995,,2,5.99,
9781783619931,9.995,,2,19.99,
9781840221213,1.995,,2,3.99,
9781608634552,4.995,,2,9.99,
9780300090420,9.995,,2,19.99,
9780312359256,2.495,,2,4.99,
9781844062652,2.495,,2,4.99,
9780807003107,2.495,,2,4.99,
9781844489077,3.495,,2,6.99,
9781786640116,3.995,,2,7.99,
9780300200751,7.495,,2,14.99,
9781786641601,3.995,,2,7.99,
9780847832064,4.995,,2,9.99,
9780393062014,3.995,,2,7.99,
9780307267665,4.995,,2,9.99,
9781783616909,4.995,,2,9.99,
9781783611850,3.995,,2,7.99,
9781786646286,3.495,,2,6.99,
9781783611867,3.995,,2,7.99,
9781783619894,9.995,,2,19.99,
9781783616688 ,3.995,,2,7.99,
9781783612154,3.995,,2,7.99,
9781840224122,1.995,,2,3.99,
9781600778308,1.995,,2,3.99,
9781783616633,3.995,,2,7.99,
9781783616589,3.995,,2,7.99,
9781840785401,3.495,,2,6.99,
9780300178913,9.995,,2,19.99,
9781853264115,1.995,,2,3.99,
5065000413705 ,1.495,,2,2.99,
9781573447157,1.995,,2,3.99,
