ISBN,Value
9780439666930,
640783005955,
9781890768102,
9780553290110,
076783006997,
076714002951,
9780440235590,
071009007994,
071831007995,
9780425205082,
9780515142112,
9780786884599,
9780373180578,
9780373180578,
9780446357449,
9780446357449,
9781439133545,
9780439916332,
9781595549990,
9780452260115,
9780316693257,
9780449909126,
9780312547325,
9780152025656,
078073002504,
078073003501,
078073003501,
078073003501,
078073002955,
9780062376336,
9780517884942,
9780671016784,
9780842332262,
9780794406035,
9780545003926,