ISBN,PriceNet_$
9786309990792,1.1
9780741123725,2.75
9786313815746,2.94
9786313623587,2.94
9780780623743,3.12
9780780647282,3.12
9786313919529,3.3
9786314995232,3.3
9786311374009,3.3
9781594448232,3.3
9786317341609,3.3
9786314760557,3.3
9786314995393,3.3
9786312311720,3.3
9786316190376,3.58
9786315458170,3.58
9786314836702,3.58
9786314559250,3.58
9786314831790,3.58
9780780656703,3.64
9786312331414,3.64
9780780673465,3.64
9786307646004,3.84
9786316599735,3.85
9781627899987,3.85
9786316599711,3.85
9780766244283,3.85
9781608836246,3.85
9786315144301,3.85
9781531704964,3.85
9781531702090,3.85
9786313107179,3.85
9781531706029,3.85
9786316586506,3.85
9781531704988,3.85
9786314821043,3.85
9781531704582,3.85
9781531702113,3.85
9786316158901,3.85
9786313107148,3.85
9781531703899,3.85
9786315005909,3.85
9781531701888,3.85
9786314524715,3.85
9786315647604,3.85
9786315873393,3.85
9781415717059,3.85
9781608836109,3.85
9781627892988,3.85
9780741114525,3.85
9781531701536,3.85
9781531704957,3.85
9781627897655,3.85
9781608832668,3.85
9781608832217,3.85
9786314821067,3.85
9786317116276,3.85
9786310475981,3.85
9786317236844,3.85
9786315926556,3.85
9786311336397,3.85
9786314820893,3.85
9786315736384,3.85
9786317195172,3.85
9786315477805,3.85
9786313514823,3.85
9786315109508,3.85
9786314820916,3.85
9781627898010,3.85
9786310958873,3.85
9786315647154,3.85
9781531702137,3.85
9781531705169,3.85
9786311824726,3.85
9786315138119,3.85
9786314821104,3.85
9786316190642,3.85
9781419880964,3.86
9781419893421,3.86
9781419896385,3.86
9780783115214,3.86
9780780683266,3.86
9780783134826,3.86
9780783122328,3.86
9780783118338,3.86
9786315853425,3.9
9786314423056,3.9
9786315853418,3.9
9786311656037,3.9
9786313905751,3.9
9786316869920,3.9
9786308609497,3.9
9786312904717,3.9
9786314376796,3.99
9786315033674,3.99
9786315033674,3.99
9786314289065,3.99
9786315910968,3.99
9786314661434,3.99
9781415709894,3.99
9786315454257,3.99
9781415709788,3.99
9786314589288,3.99
9786316062383,3.99
9786315123528,3.99
9780792188216,3.99
9786314573980,3.99
9786314292614,3.99
9786315302541,3.99
9786314927561,3.99
9786314100230,3.99
9786312678502,3.99
9780792196686,3.99
9786315574887,3.99
9786316365354,3.99
9780792178026,3.99
9786312364733,3.99
9781415705209,3.99
9781415722145,3.99
9781415728000,3.99
9786316062284,3.99
9786315936319,3.99
9781415722794,3.99
9786312645320,4.11
9786316858757,4.13
9780790765372,4.13
9780780662704,4.13
9786312172246,4.13
9781419855122,4.13
9781419855092,4.13
9780788845581,4.13
9780788855764,4.13
9780780632776,4.13
9781419887475,4.13
9780780626898,4.13
9780780646391,4.13
9786312255925,4.13
9780788821714,4.13
9786304711903,4.13
9781419887505,4.13
9786316726070,4.13
9780790757353,4.13
9786311578872,4.13
9786316725455,4.13
9780790795393,4.13
9786306902620,4.13
9781419855245,4.13
9781560399674,4.13
9780780671232,4.13
9780780646810,4.13
9780780648838,4.13
9786306126132,4.13
9780788826887,4.13
9786307104788,4.13
9781419863745,4.13
9781419855450,4.13
9786311788394,4.13
9786317029132,4.13
9786313160532,4.13
9781419892790,4.13
9780788842979,4.13
9786316974624,4.13
9780792187158,4.13
9780788848513,4.13
9786313674435,4.13
9781419860904,4.13
9786313634200,4.13
9786317029125,4.13
9780788816260,4.13
9786316768728,4.13
9786311681510,4.13
9781419894473,4.13
9780780665859,4.13
9786316850317,4.13
9786316990273,4.13
9786315790362,4.13
9781424840397,4.13
9786310328676,4.13
9781435980822,4.13
9786315598944,4.13
9786316858825,4.13
9786311443798,4.13
9786316990600,4.13
9786316850492,4.13
9780788848131,4.13
9786307075910,4.13
9781558907928,4.13
9786311827031,4.13
9786316850485,4.13
9786316725578,4.13
9781419855252,4.13
9786316922175,4.13
9786316984043,4.13
9781560399667,4.13
9780788818806,4.13
9786316849892,4.13
9786315616082,4.13
9786316850591,4.13
9786316725554,4.13
9786316990617,4.13
9780780628366,4.13
9786307371777,4.13
9781560398110,4.13
9786308101861,4.13
9786316858795,4.13
9786317029255,4.13
9786314861780,4.13
9786316888778,4.13
9780788816307,4.13
9780788891748,4.13
9780780664203,4.13
9781419855115,4.13
9786317029361,4.13
9786308394942,4.13
9786314693985,4.13
9786306841554,4.13
9786317027671,4.13
9786316630834,4.13
9786316974853,4.13
9780767861397,4.13
9786316347978,4.13
9781560397304,4.13
9780767863155,4.13
9786308200052,4.13
9786317033399,4.13
9781560398660,4.13
9786316726117,4.13
9780780646469,4.13
9781419855108,4.13
9786311556139,4.13
9786311578117,4.13
9780788816215,4.13
9786313912117,4.13
9786316962348,4.13
9780788814525,4.13
9781419893247,4.13
9786315696527,4.13
9786316962423,4.13
9786316858375,4.13
9780788816376,4.13
9781419897740,4.13
9786316850362,4.13
9786314291327,4.13
9786316850638,4.13
9786316726315,4.13
9786316725653,4.13
9786315022494,4.13
9780788836152,4.13
9786316357953,4.13
9786308344985,4.13
9780788854835,4.13
9781419887574,4.13
9780767836326,4.13
9786311019627,4.13
9786313159406,4.13
9786316850393,4.13
9786315616006,4.13
9786315159145,4.13
9780780669000,4.13
9786312030768,4.13
9786314069513,4.13
9786317033573,4.13
9780780646001,4.13
9786310990378,4.13
9786316850409,4.13
9786317029194,4.13
9786316975058,4.13
9786307003593,4.13
9786307073763,4.13
9786311578698,4.13
9786316726254,4.13
9780780665880,4.13
9786316726162,4.13
9786316726230,4.13
9786316770691,4.13
9786316974990,4.13
9780788816888,4.13
9786316726254,4.13
9786316726162,4.13
9786316726230,4.13
9786316770691,4.13
9786316974990,4.13
9786310250502,4.13
9786316725547,4.13
9786316974761,4.13
9786316872081,4.13
9781560399643,4.13
9786316881908,4.13
9786316850690,4.13
9786313053254,4.13
9786316883148,4.13
9786316984197,4.13
9780788816796,4.13
9781558907379,4.13
9786308306891,4.13
9786307845599,4.13
9780788816994,4.13
9786307523831,4.13
9786316850409,4.13
9786312120735,4.13
9780788818370,4.13
9786317029194,4.13
9781419855146,4.13
9786316990426,4.13
9781558905221,4.13
9780788848407,4.13
9786314802301,4.13
9781419855214,4.13
9786316975058,4.13
9786316770745,4.13
9781419802461,4.13
9781424873739,4.13
9786316800909,4.13
9780790793023,4.13
9780780641150,4.13
9786316974884,4.13
9786309112088,4.13
9786316984159,4.13
9786317037908,4.13
9786316673497,4.13
9786317029385,4.13
9786308345906,4.13
9780788816383,4.13
9786316849960,4.13
9781419887390,4.13
9786315540806,4.13
9780792192558,4.13
9786316725516,4.13
9781419885990,4.13
9786316725400,4.13
9786316858801,4.13
9786314361419,4.13
9786316962089,4.13
9786315115424,4.13
9786316984357,4.13
9786307075705,4.13
9786316209115,4.13
9780788853654,4.13
9786316990396,4.13
9786316726377,4.13
9786313770076,4.13
9780780696495,4.13
9781435957541,4.13
9786307523794,4.13
9786316557384,4.13
9780767858465,4.13
9786316974891,4.13
9786316974921,4.13
9786317031180,4.13
9786316983992,4.13
9786314488727,4.13
9781419892592,4.13
9781419897788,4.13
9786317029422,4.13
9786315635014,4.13
9786312646211,4.13
9786316725417,4.13
9786315797637,4.13
9786316363770,4.13
9786311578629,4.13
9786314123567,4.13
9781419853722,4.13
9786316254283,4.13
9786311030127,4.13
9786311030172,4.13
9786316974815,4.13
9786311619957,4.13
9780767839273,4.13
9786317027428,4.13
9780788848001,4.13
9786316858399,4.13
9786316992833,4.13
9780780631717,4.13
9786316725684,4.13
9786316984067,4.13
9786317033160,4.13
9786317033726,4.13
9786317038097,4.13
9786312281207,4.13
9780790787398,4.13
9786316974792,4.13
9786317023789,4.13
9786312646228,4.13
9786310472416,4.13
9781424823666,4.13
9781435912502,4.13
9786313317417,4.13
9786315857805,4.13
9786316725462,4.13
9786308334450,4.13
9780788842962,4.13
9786316183958,4.13
9786311030110,4.13
9786312416814,4.13
9786317033597,4.13
9786313053230,4.13
9786310614045,4.13
9786312835257,4.13
9780780643406,4.13
9786312278023,4.13
9786316725486,4.13
9781560396192,4.13
9786310122526,4.13
9786317038707,4.13
9781424820887,4.13
9780767893657,4.13
9786310740300,4.13
9786317033740,4.13
9786306841561,4.13
9786316725943,4.13
9780738922980,4.13
9786316975010,4.13
9786316850584,4.13
9786314200633,4.13
9780780630864,4.13
9780792850748,4.13
9786314404277,4.13
9781424801527,4.13
9786311618684,4.13
9786310981970,4.13
9781419893728,4.13
9780788815829,4.13
9786307056704,4.13
9780788857881,4.13
9780788866999,4.13
9786311620120,4.13
9780788883309,4.13
9786314584320,4.13
9786314689025,4.13
9786316297730,4.13
9786310564067,4.13
9786317033634,4.13
9780792190875,4.13
9781404928183,4.13
9786316850539,4.13
9780788876844,4.13
9780780665002,4.13
9786314659561,4.13
9786307584566,4.13
9780788816161,4.13
9786307636470,4.13
9780788863981,4.13
9780780631236,4.13
9786307331993,4.13
9786307845650,4.13
9786313920013,4.13
9786314749460,4.13
9786315574856,4.13
9786307105143,4.13
9786307586331,4.13
9781424844043,4.13
9781560399629,4.13
9781419818134,4.13
9786314583958,4.13
9786316725752,4.13
9786316850423,4.13
9786316220431,4.13
9786315418136,4.13
9781424862399,4.13
9786313902491,4.13
9781424806287,4.13
9780790782805,4.13
9781404983960,4.13
9786316898944,4.13
9786311459546,4.13
9786312272397,4.13
9781419893667,4.13
9786316962164,4.13
9786314573973,4.13
9786315696497,4.13
9786316419224,4.13
9781558907270,4.13
9780780638372,4.13
9780790787381,4.13
9780788864582,4.13
9786315626630,4.13
9786310250458,4.13
9781415727928,4.13
9786316849953,4.13
9786317038363,4.13
9781419886508,4.13
9786316220417,4.13
9786316726216,4.13
9780788849251,4.13
9786316882974,4.13
9780790769738,4.13
9786316983046,4.13
9786312493761,4.13
9786307073749,4.13
9781558907843,4.13
9780788860980,4.13
9780788864629,4.13
9780788860676,4.13
9786307327507,4.13
9780788882173,4.13
9786307522964,4.13
9781419883279,4.13
9786308698910,4.13
9786312975441,4.13
9786313348589,4.13
9786314503369,4.13
9786313240524,4.13
9786315762840,4.13
9786313236893,4.13
9780783289533,4.13
9780792849254,4.13
9781404993051,4.13
9786316213228,4.13
9786316849496,4.13
9786317023765,4.13
9786316962416,4.13
9786317027572,4.13
9786316830029,4.13
9786317031203,4.13
9780767812382,4.13
9786316049278,4.13
9786313585748,4.13
9780788870040,4.13
9786316789129,4.13
9780788815256,4.13
9786308306914,4.13
9786313561209,4.13
9786317029507,4.13
9780790783956,4.13
9786313028658,4.13
9780767827768,4.13
9786313761166,4.13
9780780655034,4.13
9786313840304,4.13
9786311857984,4.13
9786314471767,4.13
9786316858511,4.13
9786317033566,4.13
9786317033269,4.13
9786307521196,4.13
9780783233734,4.13
9786317033580,4.13
9786307521226,4.13
9786316990587,4.13
9786316881878,4.13
9786314120665,4.13
9781424820535,4.13
9786315696541,4.13
9786317033382,4.13
9786317033405,4.13
9786317031234,4.13
9786313502561,4.13
9786317038233,4.13
9786315914942,4.13
9780780642201,4.13
9786312746737,4.13
9786312990482,4.13
9786316769718,4.13
9781424816880,4.13
9786314516727,4.13
9786316990488,4.13
9786316449313,4.13
9786313857586,4.13
9786317029484,4.13
9786317038103,4.13
9786312308935,4.13
9781424838912,4.13
9780780677180,4.13
9780780680937,4.13
9786316662361,4.13
9781417057849,4.13
9781558908840,4.13
9786310737140,4.13
9786317037823,4.13
9786313857562,4.13
9786314548711,4.13
9781419819681,4.13
9780783280684,4.13
9781419893124,4.13
9786313899180,4.13
9786314733612,4.13
9780788864612,4.13
9781558907355,4.13
9780780646506,4.13
9781417003693,4.13
9780790772943,4.13
9781419883644,4.13
9781419886041,4.13
9786311362532,4.13
9786316990228,4.13
9786312783008,4.13
9786316858443,4.13
9786313340729,4.13
9786316883063,4.13
9786316336521,4.13
9786313929030,4.13
9786307584238,4.13
9786316850577,4.13
9781419864063,4.13
9781419899331,4.13
9786316962263,4.13
9781415703519,4.13
9780788833021,4.13
9786313053247,4.13
9786316662354,4.13
9786316850447,4.13
9786317033481,4.13
9786317029514,4.13
9786316962188,4.13
9786317033313,4.13
9780788871269,4.13
9780788876912,4.13
9780788883330,4.13
9780788817830,4.13
9786307371548,4.13
9786310389578,4.13
9780788865800,4.13
9786311887257,4.13
9786313172504,4.13
9786314520304,4.13
9786310816333,4.13
9786316883117,4.13
9781435908659,4.13
9786314298203,4.13
9786313877348,4.13
9781419886355,4.13
9786316984029,4.13
9781419887543,4.13
9786316974655,4.13
9780780646896,4.13
9780780694040,4.13
9786316368935,4.13
9786317031159,4.13
9786317033757,4.13
9786317038059,4.13
9781419813856,4.13
9781419885433,4.13
9781419887352,4.13
9786314891435,4.13
9781560397687,4.13
9786317038615,4.13
9786314641467,4.13
9780780684904,4.13
9786316858528,4.13
9786309761705,4.13
9786312327998,4.13
9786315438219,4.13
9780788886980,4.13
9780788857553,4.13
9786317029217,4.13
9786317038011,4.13
9780788873126,4.13
9786312421696,4.13
9781404973800,4.13
9786317033689,4.13
9786311619759,4.13
9786315960352,4.13
9786316198525,4.13
9781419855054,4.13
9786317031227,4.13
9786317029262,4.13
9786316962447,4.13
9786316726063,4.13
9781419885396,4.13
9781419818073,4.13
9786308394973,4.13
9786306841523,4.13
9780788860270,4.13
9786317033658,4.13
9781415709009,4.13
9786314720759,4.13
9781419886010,4.13
9780788818332,4.13
9780792188940,4.13
9780788871306,4.13
9786311653845,4.13
9786313671977,4.13
9786314968823,4.13
9786312766711,4.13
9780788840562,4.13
9786317023741,4.13
9780788868818,4.13
9781622243037,4.13
9786314096960,4.13
9786316882929,4.13
9786311824498,4.13
9781419846243,4.13
9786314712235,4.13
9786312229728,4.13
9781419893452,4.13
9786317033702,4.13
9786313176816,4.13
9786316962317,4.13
9786315329432,4.13
9786315114380,4.13
9786314471019,4.13
9781419887529,4.13
9786317033467,4.13
9781419897764,4.13
9786315790416,4.13
9786311237403,4.13
9786306212934,4.13
9786312904175,4.13
9786312055815,4.13
9781419813832,4.13
9786316850614,4.13
9786317023734,4.13
9780780660595,4.13
9786315696374,4.13
9786317038325,4.13
9786316883049,4.13
9786316882998,4.13
9780788848391,4.13
9786317033443,4.13
9781560399636,4.13
9786312809265,4.13
9786316986757,4.13
9780788814921,4.13
9780788829864,4.13
9786311970584,4.13
9781560396932,4.13
9786317033542,4.13
9786307522971,4.13
9786309238184,4.13
9786314149635,4.13
9781424806270,4.13
9781435932609,4.13
9780788876424,4.13
9780788868894,4.13
9786316850553,4.13
9781419886515,4.13
9786315790478,4.13
9786315080869,4.13
9780738923024,4.13
9780792850830,4.13
9786314518660,4.68
9786317462366,4.93
9786315190001,4.94
9786315616099,4.94
9786317393158,4.94
9786316287618,4.94
9780780663565,4.94
9781419884856,4.94
9786316369130,4.94
9786315801358,4.94
9786316785589,4.94
9786317393141,4.94
9786317211513,4.94
9786316315663,4.94
9781419896484,4.94
9786317211506,4.94
9780780663633,4.94
9786317211544,4.94
9786315483158,4.94
9781419857270,4.94
9786316971074,4.94
9786311881705,4.94
9781419848971,4.94
9780780660304,4.94
9786316883094,4.94
9786316644411,4.94
9786316213235,4.94
9786316882981,4.94
9781622245161,4.94
9786317025851,4.94
9786311583586,4.94
9786316785626,4.95
9786317464230,4.95
9786315438196,4.95
9780780675063,4.95
9786317464193,4.95
9786316785497,4.95
9786315568695,4.95
9786314385774,4.95
9781419844799,4.95
9780780692961,4.95
9786316785534,4.95
9786316785695,4.95
9781560397960,4.96
9781419816666,4.96
9786312847595,4.96
9781419835506,4.96
9786316314536,4.96
9780783128375,4.96
9786315320354,4.96
9786306510429,4.96
9786306510429,4.96
9781622248483,4.96
9781595361509,4.96
9786315697319,4.96
9780783113333,4.96
9786315012532,4.96
9786315320477,4.96
9780790798066,4.96
9786316031211,4.96
9780780682054,4.96
9786312975625,4.96
9786315288357,4.96
9781622243020,4.96
9786315701153,4.96
9780780659988,4.96
9786312003533,4.96
9780790774947,4.96
9780783124049,4.96
9786315696367,4.96
9786315790331,4.96
9780780692817,4.96
9781419827198,4.96
9780783118567,4.96
9781622243129,4.96
9781568329222,4.96
9781622245611,4.96
9786315320309,4.96
9781419830143,4.96
9786315143236,4.96
9781419844898,4.96
9786315189906,4.96
9780780683297,4.96
9786315701252,4.96
9781419848018,4.96
9786316540638,4.96
9786316540607,4.96
9786316539823,5.2
9780792840138,5.2
9786316772114,5.2
9786313958818,5.2
9786315164439,5.2
9786314353582,5.2
9786314634469,5.2
9786316628176,5.2
9786314841157,5.2
9786316311207,5.2
9786317009271,5.2
9786316319470,5.2
9786316311207,5.2
9786308839641,5.2
9786311868379,5.2
9786316573339,5.2
9786312903925,5.2
9786313247905,5.2
9786316645241,5.2
9780792849575,5.2
9786308681745,5.2
9786315563058,5.2
9786313101986,5.2
9786315939099,5.2
9786316633170,5.2
9786313501151,5.2
9786308949111,5.2
9786315359941,5.2
9786317391857,5.2
9781415709047,5.23
9780792178965,5.23
9780792190974,5.23
9780783231204,5.23
9786316126733,5.23
9786315114632,5.24
9786312123613,5.24
9786313341276,5.24
9786311204658,5.25
9786316305589,5.25
9786315161650,5.25
9786313526390,5.25
9786315146961,5.25
9786315911484,5.25
9786315607585,5.25
9780783261164,5.25
9786314944087,5.25
9786313390175,5.25
9786317106895,5.25
9780767089791,5.25
9786315042157,5.25
9786314983727,5.25
9786314205614,5.25
9786314207632,5.25
9786313593699,5.25
9786313498574,5.25
9786315000270,5.25
9786314285647,5.25
9786314207687,5.25
9786314539559,5.25
9786314840211,5.25
9786316335050,5.25
9786314051709,5.25
9786312864851,5.25
9786315616532,5.25
9786314204693,5.25
9786314206185,5.25
9786313337415,5.25
9786310321110,5.25
9786314840228,5.25
9786315701115,5.25
9786312441250,5.25
9786314240158,5.25
9786310175065,5.25
9786314681982,5.25
9786316341174,5.25
9786314788490,5.25
9786315759666,5.25
9786314206130,5.25
9786314527358,5.25
9786314941024,5.25
9786309344182,5.25
9786311727102,5.25
9786313026432,5.25
9786314374594,5.25
9786312590675,5.25
9786309334763,5.25
9786314857011,5.25
9786313719143,5.25
9786311150603,5.25
9786315322808,5.25
9786314207663,5.25
9786314204242,5.25
9786311734094,5.25
9786316642196,5.25
9780783291208,5.25
9786315429767,5.25
9786316062420,5.25
9786314702502,5.25
9786316157096,5.25
9786314205973,5.25
9786315561023,5.25
9786314218102,5.25
9786317007871,5.25
9786313296330,5.25
9786314205690,5.25
9780783269894,5.48
9786315776557,5.48
9786315159572,5.48
9781415730515,5.48
9786311354728,5.49
9786314851811,5.49
9786315359545,5.49
9781435932401,5.5
9786317034105,5.5
9786316287625,5.5
9781404955035,5.5
9786307192303,5.5
9780767848893,5.5
9786316104908,5.5
9781404936287,5.5
9780783229362,5.5
9780767848794,5.5
9786314609818,5.5
9786310704760,5.5
9786315656484,5.5
9786311395950,5.5
9780783230474,5.5
9780783279435,5.5
9786315321054,5.5
9786316599742,5.5
9786315716348,5.5
9781424884872,5.5
9786314928889,5.5
9780783226897,5.5
9786317054622,5.5
9780767899963,5.5
9786314816988,5.5
9780800177256,5.5
9786315846717,5.5
9786310935621,5.5
9786317485648,5.5
9786316466983,5.5
9786311396766,5.5
9786315007934,5.5
9780783225487,5.5
9786309329530,5.5
9780783267876,5.5
9786314035204,5.5
9786316754738,5.5
9786314058913,5.5
9786316695796,5.5
9781417008674,5.5
9786316747679,5.5
9786314189884,5.5
9780783219677,5.5
9786316363992,5.5
9786315855399,5.5
9786314550325,5.5
9786315143182,5.5
9780783225548,5.5
9780767812184,5.5
9786316466952,5.5
9786313828883,5.5
9780783293905,5.5
9786314295752,5.5
9786311771228,5.5
9780767848824,5.5
9780783226965,5.5
9786314149451,5.5
9786315563072,5.5
9780783288550,5.5
9786317485655,5.5
9780767848862,5.5
9781417055067,5.5
9781417055067,5.5
9786312163664,5.5
9786316466006,5.5
9780783240213,5.5
9786317310575,5.5
9781424810246,5.5
9786317049871,5.5
9786315701092,5.5
9781531703431,5.5
9786315921452,5.5
9786317190207,5.5
9786316345691,5.5
9780783255156,5.5
9780783262697,5.5
9786316466976,5.5
9780767882866,5.5
9780767848862,5.5
9786309991485,5.5
9786316476258,5.5
9786309426154,5.5
9786314204624,5.5
9786315822322,5.5
9780783225739,5.5
9786315811791,5.5
9786314747022,5.5
9786315867286,5.5
9786316599728,5.5
9786316411006,5.5
9786310058962,5.5
9780767821636,5.5
9786310382241,5.5
9786316350190,5.5
9786316467003,5.5
9780783286358,5.5
9786317071490,5.5
9786316350206,5.5
9786314557096,5.5
9781424814824,5.5
9786314969776,5.5
9781417006045,5.5
9786316400932,5.5
9786317485709,5.5
9786314412869,5.5
9786315707070,5.5
9786317310520,5.5
9786313016747,5.5
9781424824410,5.5
9786314856908,5.5
9786316829177,5.5
9786315259173,5.5
9786310734880,5.5
9786311292396,5.5
9786317309210,5.5
9780783219738,5.5
9786315158896,5.5
9786314928926,5.5
9786315178139,5.5
9786314534455,5.5
9786314829896,5.5
9780767859684,5.5
9786311602126,5.5
9780783269917,5.5
9786316714831,5.5
9786307371746,5.5
9780783278346,5.5
9780783227887,5.5
9780783226927,5.5
9786312683186,5.5
9786313779857,5.5
9780783228686,5.5
9781417067374,5.5
9786314735180,5.5
9786316921574,5.5
9786316630933,5.5
9781424822645,5.5
9781435925014,5.5
9786316503855,5.5
9786315820199,5.5
9786317310605,5.5
9786316714848,5.5
9786316139597,5.5
9786314778651,5.5
9780783276991,5.5
9786313478101,5.5
9786311997673,5.5
9786316199072,5.5
9780767811095,5.5
9780783291123,5.5
9786317346338,5.5
9780792857372,5.5
9780783285092,5.5
9786317485624,5.5
9786313350322,5.5
9786315626234,5.5
9781435982413,5.5
9786315811807,5.5
9786315811814,5.5
9786317310681,5.5
9781435986480,5.5
9780792833758,5.5
9786313719105,5.5
9786316688545,5.5
9786316830005,5.5
9786308393662,5.5
9786317226296,5.5
9780767848787,5.5
9786314672997,5.5
9786315300325,5.5
9780767817660,5.5
9780767853460,5.5
9786315189432,5.5
9786312704799,5.5
9786312204756,5.5
9786314930783,5.5
9786311397732,5.5
9786308628399,5.5
9786315031885,5.5
9786317485679,5.5
9786315259227,5.5
9786314520298,5.5
9786317309081,5.5
9780767851411,5.5
9786316633057,5.5
9786316670212,5.5
9780792850540,5.5
9786308600890,5.5
9781417026111,5.5
9780792848233,5.5
9780800177966,5.5
9780767867108,5.5
9781424825981,5.5
9780783226811,5.5
9786316454799,5.5
9786316478405,5.5
9786316484468,5.5
9781424817481,5.5
9781404958753,5.5
9786316575470,5.5
9786316587282,5.5
9786311874387,5.5
9786313539901,5.5
9780792854326,5.5
9781627895248,5.5
9786317343627,5.5
9786316490452,5.5
9780767817479,5.5
9780767845137,5.5
9780783227870,5.5
9786316169907,5.5
9786313741250,5.5
9786314817015,5.5
9786315254864,5.5
9786310291482,5.5
9780783283500,5.5
9786317241626,5.5
9786314574031,5.5
9780767857185,5.5
9786315320996,5.5
9786313875375,5.5
9786307396350,5.5
9781417010950,5.5
9780767861403,5.5
9786314327095,5.5
9780767811071,5.5
9780783278834,5.5
9786315321030,5.5
9780783267289,5.5
9786307896980,5.5
9786312696049,5.5
9781417076376,5.5
9786313280285,5.5
9786316979001,5.5
9786308334535,5.5
9786314944032,5.5
9780792846468,5.5
9786315027901,5.5
9786316888877,5.5
9780783227931,5.5
9786316639677,5.5
9780783237367,5.5
9786317072886,5.5
9781435984431,5.5
9786316639653,5.5
9786314200589,5.5
9780783291130,5.5
9786314682293,5.5
9780792848202,5.5
9786315057939,5.5
9786309351050,5.5
9780792851523,5.5
9786316350176,5.5
9781404954687,5.5
9786316538406,5.5
9786316945341,5.5
9786312441274,5.5
9786311466919,5.5
9786315164392,5.5
9786316792471,5.5
9786313363254,5.5
9786315158919,5.5
9786316921567,5.5
9786315067181,5.5
9780783287775,5.5
9780783277547,5.5
9786316027900,5.5
9786307450472,5.5
9786314682415,5.5
9786315759383,5.5
9786315150814,5.5
9780792848622,5.5
9786317346284,5.5
9786317310889,5.5
9786312308911,5.5
9786313666874,5.5
9786316656612,5.5
9780767892865,5.5
9786315616044,5.5
9786314204198,5.5
9780767848800,5.5
9780783268644,5.5
9781435920934,5.5
9786312331179,5.5
9786315245848,5.5
9781627897648,5.5
9780767898720,5.5
9781627896696,5.5
9780783267760,5.5
9781417045655,5.5
9786312781981,5.5
9786311632659,5.5
9786313280377,5.5
9786315468551,5.5
9786317241633,5.5
9786314478834,5.5
9786316563460,5.5
9780792837473,5.5
9786308630477,5.5
9786315853401,5.5
9786316888884,5.5
9786315733277,5.5
9780767824958,5.5
9781424811694,5.5
9786313172566,5.5
9786310328591,5.5
9786317345089,5.5
9786315970214,5.5
9786313574179,5.5
9786312197188,5.5
9786312683261,5.5
9786317124561,5.5
9781404973619,5.5
9780783235103,5.5
9786316555212,5.5
9786315541155,5.5
9786316449207,5.5
9780783219806,5.5
9780783229485,5.5
9786311655047,5.5
9786312163732,5.5
9786317343634,5.5
9780783233604,5.5
9786311977880,5.5
9786316173737,5.5
9786313036066,5.5
9786313080434,5.5
9781531702144,5.5
9780783284217,5.5
9786315322402,5.5
9786316350213,5.5
9780783292113,5.5
9780783250847,5.5
9786314589011,5.5
9781404956438,5.5
9786315616440,5.5
9780792838401,5.5
9786314414597,5.5
9786316476326,5.5
9780767812160,5.5
9781435985162,5.5
9786309108449,5.5
9786312702177,5.5
9786315972638,5.5
9786316639462,5.5
9786314412845,5.5
9786314846909,5.5
9786314944896,5.5
9786315503559,5.5
9786312013174,5.5
9786315329449,5.5
9786308949210,5.5
9786315811753,5.5
9786316591814,5.5
9786316756619,5.5
9786314375201,5.5
9786316917638,5.5
9786315166686,5.5
9786314739683,5.5
9780800177997,5.5
9786313527274,5.5
9780792859505,5.5
9781421515762,5.5
9786311028339,5.5
9786314205980,5.5
9786308562518,5.5
9786315733697,5.5
9780767855013,5.5
9786317241510,5.5
9786314806194,5.5
9781627898577,5.5
9786312939276,5.5
9786313440726,5.5
9780767827928,5.5
9786310060514,5.5
9786313812158,5.5
9786316319401,5.5
9786316329950,5.5
9780767827577,5.5
9786314982355,5.5
9780792844860,5.5
9786316842916,5.5
9786311007594,5.5
9786314735890,5.5
9786315421969,5.5
9786310081656,5.5
9786311396827,5.5
9786314535230,5.5
9780767885881,5.5
9786316108777,5.5
9786313367900,5.5
9786311488898,5.5
9780767844918,5.5
9786316350169,5.5
9781435904682,5.5
9786317485587,5.5
9786314639860,5.5
9786312108849,5.5
9786310329376,5.5
9786313922871,5.71
9786313923342,5.71
9786313905386,5.71
9786314377649,5.71
9786313923212,5.71
9786313923151,5.71
9786314494049,5.71
9786313923403,5.71
9786313922918,5.71
9786314494155,5.71
9786313923083,5.71
9786313922840,5.71
9786314377793,5.71
9786313923090,5.71
9786314377731,5.71
9786314421762,6.04
9786314298159,6.04
9786314207724,6.04
9786314462338,6.04
9786314454180,6.04
9780788821233,6.05
9786317343528,6.05
9780788858994,6.05
9780788826412,6.05
9786316615404,6.05
9780788877346,6.05
9780788859175,6.05
9780788859083,6.05
9786311239872,6.05
9786313058693,6.05
9786316599759,6.05
9780788821189,6.05
9780788882715,6.05
9786314214197,6.05
9786313703098,6.05
9780788839740,6.05
9780788872396,6.05
9786313902606,6.05
9786310293929,6.05
9786315104220,6.05
9786315717772,6.05
9786315804984,6.05
9786316599766,6.05
9780788816925,6.05
9786314958176,6.05
9786314402624,6.05
9786315958656,6.05
9780788855924,6.05
9786314551469,6.05
9780788831218,6.05
9786314280840,6.05
9780788860744,6.05
9780788884795,6.05
9786307184131,6.05
9780788821707,6.05
9786316707833,6.05
9786316362650,6.05
9780788868672,6.05
9786309274342,6.05
9780788854644,6.05
9780788817861,6.05
9780788832154,6.05
9786307184117,6.05
9786313863013,6.05
9786315052415,6.05
9786317025929,6.05
9786313454006,6.05
9780788820236,6.05
9786315626654,6.05
9786316250940,6.05
9786316164636,6.05
9780788814914,6.05
9786315173110,6.05
9786316653154,6.05
9786315489907,6.05
9780788832024,6.05
9786315585470,6.05
9780788855597,6.05
9786307584337,6.05
9786316468758,6.05
9786308632754,6.05
9786317026025,6.05
9780788827532,6.05
9780788816314,6.05
9786307521172,6.05
9786314269357,6.24
9786315799235,6.24
9786315787409,6.24
9781573306935,6.26
9786313255115,6.6
9780780693500,6.6
9780780662711,6.6
9781622242566,6.6
9786311681428,6.6
9786316642400,6.6
9786316621672,6.6
9786316885173,6.6
9780780683693,6.6
9786312172253,6.6
9786316642288,6.6
9786316579003,6.6
9781419844522,6.6
9786315598951,6.6
9780780664562,6.6
9786313025251,6.6
9781419892561,6.6
9781419888168,6.6
9786315337314,6.6
9786311495483,6.6
9786316702609,6.6
9786316642325,6.6
9781419892967,6.6
9781419846977,6.6
9786316642394,6.6
9781419843099,6.6
9780790733616,6.6
9781419897627,6.6
9786316545015,6.6
9781419834844,6.6
9786315874024,6.6
9786316401762,6.6
9781419855290,6.6
9786315801266,6.6
9781419837999,6.6
9780780674073,6.6
9786316231949,6.6
9781419834844,6.6
9786315874024,6.6
9786316982520,6.6
9786316642271,6.6
9786316802477,6.6
9786316922052,6.6
9786316401762,6.6
9781419891038,6.6
9786317077386,6.6
9780780682931,6.6
9780780674110,6.6
9786314090241,6.6
9786316682130,6.6
9786316642318,6.6
9781622241873,6.6
9781419885419,6.6
9781419895845,6.6
9780780696532,6.6
9786316195289,6.6
9786316540621,6.6
9786315494550,6.6
9786315032769,6.6
9786316285096,6.6
9780780694835,6.6
9786315402197,6.6
9781624041587,6.6
9786315801327,6.6
9786315797682,6.6
9786314795023,6.6
9781419805820,6.6
9781419853456,6.6
9786315881633,6.6
9786316315823,6.6
9786316540652,6.6
9780780681156,6.6
9786312142133,6.6
9786316642356,6.6
9786315788970,6.6
9781419845949,6.6
9786310560830,6.6
9781419886003,6.6
9781419880643,6.6
9786316317704,6.6
9786312401704,6.6
9786315801488,6.6
9786311362761,6.6
9786314733605,6.6
9786315351082,6.6
9786314372996,6.6
9786311788400,6.6
9780780665736,6.6
9786311807699,6.6
9781421522753,6.6
9781419855382,6.6
9780780677197,6.6
9786315337383,6.6
9786316789136,6.6
9786311452431,6.6
9786315006616,6.6
9786317393202,6.6
9786312316626,6.6
9786316031204,6.6
9786316479655,6.6
9786312807971,6.6
9786315625596,6.6
9781419885297,6.6
9786316314635,6.6
9780780681323,6.6
9780780676657,6.6
9786314605322,6.6
9781419893711,6.6
9781419892691,6.6
9781419850486,6.6
9781419890444,6.6
9786315012563,6.6
9780780638976,6.6
9786314968830,6.6
9786315287923,6.6
9780780673472,6.6
9786314518677,6.6
9781419887147,6.6
9780780693265,6.6
9781419883286,6.6
9781419851186,6.6
9786312810469,6.6
9781622248186,6.6
9786307447304,6.6
9786316251824,6.6
9786315032752,6.6
9786316220493,6.6
9786316316639,6.6
9781419887673,6.6
9780780697119,6.6
9786316881892,6.6
9786316540645,6.6
9786311405710,6.6
9780780692794,6.6
9786315006593,6.6
9786312592631,6.6
9786315012549,6.6
9786316986801,6.6
9780780639003,6.6
9786311987872,6.6
9786312416838,6.6
9786315701405,6.6
9786315800177,6.6
9786315800894,6.6
9786313583935,6.6
9786315789182,6.6
9780780660052,6.6
9786315717659,6.6
9780780693272,6.6
9780780661042,6.6
9781419885693,6.6
9786315115448,6.6
9786316447845,6.72
9786314592547,6.72
9786316858931,6.72
9786315813269,6.72
9786315491221,6.72
9786316773265,6.74
9786316725370,6.74
9780792190905,6.74
9786316984074,6.74
9786316858467,6.74
9786316725660,6.74
9786316850737,6.74
9786317018136,6.74
9786316629333,6.74
9786316990372,6.74
9786316974938,6.74
9786314944940,6.74
9786316725493,6.74
9786316725523,6.74
9786316189219,6.74
9786316495341,6.74
9786313145652,6.74
9786316990464,6.74
9786316983053,6.74
9786316850508,6.74
9786316962171,6.74
9786316990327,6.74
9786317027688,6.74
9786316886651,6.74
9786315356094,6.74
9786316872159,6.74
9786315911019,6.74
9786316374578,6.74
9786316726087,6.74
9786317031111,6.74
9786317033177,6.74
9786316975133,6.74
9786316975065,6.74
9786316886569,6.74
9786316990235,6.74
9786316639585,6.74
9786315801235,6.74
9786317029170,6.74
9781627892995,6.76
9786314779375,6.95
9786317163133,7.13
9786316885913,7.13
9780792190851,7.13
9786316739971,7.13
9786316725592,7.13
9786316850676,7.13
9786317226265,7.13
9786316725394,7.13
9786317024007,7.13
9786316770769,7.13
9786316853516,7.13
9786316858405,7.13
9786316763259,7.13
9786317129870,7.13
9786317129870,7.13
9786316872036,7.13
9786316858498,7.13
9786316725929,7.13
9786316370242,7.13
9786316858979,7.13
9786317259607,7.13
9786317029347,7.13
9786314197643,7.13
9786316975164,7.13
9786316137081,7.13
9786317027435,7.13
9786316630841,7.13
9786316555366,7.13
9781415773789,7.13
9786316726407,7.13
9786316974617,7.13
9781415710739,7.13
9786314687724,7.13
9786316619648,7.13
9786316962430,7.13
9786317029316,7.13
9786311557891,7.13
9786316974860,7.13
9786316974785,7.13
9786314839277,7.13
9781415700723,7.13
9786314616410,7.13
9786315820076,7.13
9786316974808,7.13
9786316888785,7.13
9786316209375,7.13
9786314420512,7.13
9786316271754,7.15
9781531704551,7.15
9781531703905,7.15
9781531703936,7.15
9786315956898,7.15
9781627894999,7.15
9781627897501,7.15
9786316109224,7.15
9786316109231,7.15
9781627895231,7.15
9781627897495,7.15
9786314719333,7.15
9786316231963,7.15
9781627893961,7.15
9781531703264,7.15
9786315615917,7.15
9786315026881,7.15
9786317226302,7.15
9781627893916,7.15
9781627895835,7.15
9781417018161,7.31
9786316758156,7.31
9780783227993,7.31
9780783284026,7.31
9786315790423,7.36
9786316883001,7.36
9781419818707,7.37
9780780647749,7.37
9780780659759,7.37
9781419819100,7.37
9780780681293,7.37
9780780674004,7.37
9780780665811,7.37
9780780668973,7.37
9786312220428,7.37
9786311405734,7.37
9781622240579,7.37
9786311683354,7.38
9786311683323,7.38
9786316035950,7.4
9786317443754,7.41
9786317539105,7.69
9786315337260,7.7
9786317270756,7.76
9786312355601,7.76
9781417078394,7.76
9781417030507,7.76
9780783286648,7.76
9786316753847,7.76
9786307422028,7.76
9786316753823,7.76
9786311271902,7.76
9786311665114,7.76
9780783229522,7.76
9781417011414,7.76
9786316688408,7.8
9786316403834,7.8
9786317385894,7.83
9786317107090,7.91
9786313426492,7.95
9786315958571,7.95
9786313865031,7.95
9786314453855,7.95
9786315306709,7.95
9786317041288,7.95
9786312693239,7.95
9786314759049,7.95
9786314530235,7.95
9786313784226,7.98
9786317252387,8
9786317318106,8
9786317409187,8
9786316175410,8
9786317169661,8
9786315173004,8
9786317248779,8
9786315172977,8
9786315349850,8
9786317191402,8
9786317218598,8
9786317409255,8
9786317086012,8
9786317212237,8.02
9786317038936,8.02
9786315648571,8.02
9786316824028,8.02
9786316763228,8.02
9786317011496,8.02
9786317115040,8.02
9786317211421,8.02
9786316730893,8.02
9786316730893,8.02
9786312834144,8.02
9786315814730,8.02
9786316910844,8.02
9786317007819,8.02
9786316877178,8.02
9786317225411,8.02
9786312834151,8.02
9781588178763,8.02
9786313948185,8.02
9786316378170,8.02
9786316970640,8.02
9786315000546,8.02
9786317170650,8.02
9786317037199,8.02
9786317078307,8.02
9786314207755,8.02
9786312907060,8.02
9786317037212,8.02
9786317263048,8.02
9786317078420,8.02
9786316653031,8.02
9786317207141,8.02
9786316695772,8.02
9786313948192,8.02
9786316591821,8.02
9786317319523,8.02
9786314747190,8.02
9786316642127,8.02
9786317145320,8.04
9786317003378,8.04
9786315359729,8.04
9786314747824,8.04
9786316183200,8.04
9786315607578,8.04
9786315605116,8.04
9781417018147,8.04
9786316973405,8.04
9786316106759,8.04
9786317145375,8.04
9786316372543,8.04
9786314352035,8.04
9786314747442,8.04
9786315618390,8.05
9786317196544,8.05
9786317243293,8.05
9786316973399,8.05
9786317036505,8.05
9786316158826,8.05
9786314839253,8.05
9786317188037,8.05
9786316771964,8.05
9786315820083,8.05
9786317084582,8.05
9786316990662,8.05
9786317196537,8.05
9786315372971,8.05
9786316365194,8.05
9786317130883,8.05
9786314944988,8.05
9786316991287,8.05
9786316545046,8.05
9786316801203,8.05
9786314740061,8.05
9786316771957,8.05
9786316763839,8.05
9786317528741,8.06
9786317487642,8.06
9786317094307,8.06
9786317017986,8.1
9786316893291,8.1
9786317078741,8.1
9786316613776,8.1
9786317046269,8.1
9786317066328,8.1
9780783233536,8.1
9786317022850,8.1
9786316824042,8.1
9786317070707,8.1
9786317106963,8.1
9786313784028,8.1
9786317107021,8.1
9786316980137,8.1
9786317122307,8.1
9786317116894,8.1
9786314336417,8.1
9786316800770,8.1
9786314405380,8.1
9786309435033,8.1
9780783230078,8.1
9786317014411,8.1
9786317085145,8.1
9786316800770,8.1
9786316886064,8.1
9786316937131,8.1
9786316971395,8.1
9780783278971,8.1
9786316734563,8.1
9780783263564,8.1
9786315785375,8.1
9786316372611,8.1
9786315472060,8.1
9786316752987,8.1
9786316695802,8.1
9786312615996,8.1
9786316205230,8.1
9786316364005,8.1
9786315647116,8.1
9780783229638,8.1
9786315320910,8.1
9780783227511,8.1
9780783278094,8.1
9786311666319,8.1
9780783289571,8.1
9786310883304,8.1
9780783226859,8.1
9786314606435,8.1
9786313863273,8.1
9781417011032,8.1
9786312196167,8.1
9786315297045,8.1
9786306210619,8.1
9781417034710,8.1
9781417070510,8.1
9786316988997,8.1
9786316476265,8.1
9786317049789,8.1
9786317188174,8.1
9786316613721,8.1
9786317262546,8.1
9786316205551,8.1
9780783225722,8.1
9786317094123,8.1
9780783278940,8.1
9786316490469,8.1
9780783228044,8.1
9780783240176,8.1
9786314579913,8.1
9786317094147,8.1
9781417026760,8.1
9780783299952,8.1
9786315380419,8.1
9786316284198,8.1
9786316559555,8.1
9786314189891,8.1
9786314815912,8.1
9780783284286,8.1
9786312460329,8.1
9786314639990,8.1
9786315095375,8.1
9786316563477,8.1
9786316619563,8.1
9786316157133,8.1
9786315647123,8.1
9786316106766,8.1
9786317067028,8.1
9786316222701,8.11
9786316222732,8.11
9786316777201,8.11
9786315699634,8.11
9786316212917,8.11
9786316334909,8.11
9786316923264,8.11
9781424819256,8.11
9786313719013,8.11
9786316647429,8.11
9786311956076,8.11
9786311298961,8.11
9786316364036,8.11
9786311956090,8.11
9786315853456,8.11
9786316886101,8.11
9786315445873,8.11
9786317188099,8.11
9786311165645,8.11
9786316606556,8.11
9786310534350,8.11
9781415717592,8.11
9786317058187,8.11
9781424819232,8.11
9786315223914,8.11
9786316198884,8.11
9786316849519,8.11
9786317278660,8.11
9786315313325,8.11
9786314339067,8.11
9786316846761,8.11
9786317318984,8.11
9786316370280,8.11
9786311396872,8.11
9786311956083,8.11
9786316726674,8.11
9786315301377,8.11
9786317198906,8.11
9780792861911,8.11
9786317457928,8.11
9786316921444,8.11
9781424819201,8.11
9786317457874,8.11
9786314788612,8.11
9786315797712,8.11
9786316328847,8.11
9786315664823,8.11
9786312584179,8.11
9780792833284,8.11
9781415706657,8.11
9786316773302,8.11
9781415726167,8.11
9781415700761,8.11
9786315128349,8.11
9786315821431,8.11
9786316860897,8.11
9786312110989,8.11
9786317317734,8.11
9786310557441,8.11
9786312059578,8.11
9786316550644,8.11
9786315666803,8.11
9786314794095,8.11
9786315268748,8.11
9786316979148,8.11
9786314199432,8.11
9786313051830,8.11
9780792190264,8.11
9786315693595,8.11
9786313488926,8.11
9786316198822,8.11
9781404993167,8.11
9786316451606,8.11
9786311161074,8.11
9786315717734,8.11
9786310044866,8.11
9786311842423,8.11
9786311824436,8.11
9786313183777,8.11
9786314794101,8.11
9786315618437,8.11
9786315652813,8.11
9786316725332,8.11
9781415707999,8.11
9786316198839,8.11
9780792849216,8.11
9786315598692,8.11
9786316018267,8.11
9781415723838,8.11
9781415706893,8.11
9786312240228,8.11
9786317295124,8.11
9781415707272,8.11
9786315989957,8.11
9786315693588,8.11
9781424819188,8.11
9786312521082,8.11
9780792847892,8.11
9786314199425,8.11
9786315664960,8.11
9786311727300,8.11
9786317089570,8.11
9786317106703,8.11
9786316575395,8.11
9786316478610,8.11
9781415722176,8.11
9781424819195,8.11
9781424819249,8.11
9786311489093,8.11
9786316293114,8.11
9786315638923,8.11
9781415708354,8.11
9786316023827,8.11
9786312903536,8.11
9786316734389,8.11
9786316834089,8.11
9786316877154,8.11
9786316905321,8.11
9786316825865,8.11
9786317054516,8.11
9786315618468,8.11
9786314531812,8.11
9781415715215,8.11
9786316751744,8.11
9786315133923,8.11
9786316772084,8.11
9786315939105,8.11
9786316157966,8.11
9786316451613,8.11
9786316860965,8.11
9786317077539,8.11
9786311697269,8.11
9780792843689,8.11
9780792844877,8.11
9786315674181,8.11
9781415701379,8.11
9780792197966,8.11
9786311981016,8.11
9786315664212,8.11
9786315140846,8.11
9786315794902,8.11
9786307804138,8.11
9786308384714,8.11
9786311030400,8.11
9786316899316,8.11
9781415720257,8.11
9786316157935,8.11
9786316829696,8.11
9786315175312,8.11
9786316983336,8.16
9786316982506,8.16
9786316328991,8.16
9786317022829,8.16
9786314733094,8.16
9786317017849,8.16
9786317175150,8.16
9786316877246,8.16
9786316885159,8.16
9786317116238,8.16
9786316587534,8.16
9786317144965,8.16
9786317295018,8.16
9786316328854,8.16
9786316802286,8.16
9786317048119,8.16
9786316877253,8.16
9786316977144,8.16
9786316539830,8.16
9786316779939,8.16
9781424873326,8.16
9786316772107,8.16
9786317124448,8.16
9781404939417,8.16
9786317089013,8.16
9786316196392,8.16
9786314928834,8.16
9781424817627,8.16
9781404930384,8.16
9786314309350,8.16
9781424828838,8.16
9786316057259,8.16
9786317384682,8.16
9786316057273,8.16
9781424869008,8.16
9786314301477,8.16
9780767821667,8.16
9786315138027,8.16
9780767821551,8.16
9786314230067,8.16
9781424851164,8.16
9786314788162,8.16
9781404918054,8.16
9786317033986,8.16
9781404980488,8.16
9780767824934,8.16
9780767818353,8.16
9780767857741,8.16
9780767862004,8.16
9780767847421,8.16
9786314035198,8.16
9786317405509,8.16
9781404988224,8.16
9786317194243,8.16
9781424851188,8.16
9786315503566,8.16
9781404982857,8.16
9786314878177,8.16
9781424882779,8.16
9786316573322,8.16
9786311771211,8.16
9786316682109,8.16
9786314295745,8.16
9780800141783,8.16
9786316622457,8.16
9780767821650,8.16
9786316435286,8.16
9786317371217,8.16
9786316209122,8.16
9781435951426,8.16
9786317072862,8.16
9780767863728,8.16
9781424853588,8.16
9786316249609,8.16
9786314912901,8.16
9786316633095,8.16
9781404918863,8.16
9780767859509,8.16
9780767898805,8.16
9781435946040,8.16
9780767883320,8.16
9786315164408,8.16
9781404935778,8.16
9786313822188,8.16
9786311771259,8.16
9786316062475,8.18
9786315299940,8.18
9786315693113,8.18
9786317214767,8.23
9781936134380,8.23
9786317011786,8.24
9786317394650,8.24
9786316802491,8.24
9786316747389,8.24
9786317203273,8.24
9786316982537,8.24
9786317099838,8.24
9780780664166,8.24
9786316858320,8.24
9786317035843,8.24
9786316618030,8.24
9786312594123,8.24
9786312434245,8.24
9786316349538,8.24
9786317393103,8.24
9781419885440,8.24
9780780633582,8.24
9780780651357,8.24
9780780628311,8.24
9780780698895,8.24
9780780628311,8.24
9786316349521,8.24
9781419827129,8.24
9780780651357,8.24
9786316903365,8.24
9786317256293,8.24
9786317116139,8.24
9786317207462,8.24
9786317208346,8.24
9781419845956,8.24
9786317140264,8.24
9786315373930,8.24
9786312313595,8.24
9786316428660,8.24
9786316581594,8.24
9780780633551,8.24
9786316662293,8.24
9781419851209,8.24
9786314967550,8.24
9781419885426,8.24
9786316220509,8.24
9786316990105,8.24
9781419885006,8.24
9781419818653,8.24
9781419893681,8.24
9781419853845,8.24
9780780656789,8.24
9780790731889,8.24
9781419893735,8.24
9780780665842,8.24
9786316642301,8.24
9786316559289,8.24
9780780652347,8.24
9780790792538,8.24
9786316754943,8.24
9786316986771,8.24
9781419885181,8.24
9780780663985,8.24
9780780664005,8.24
9781419892554,8.24
9780780626904,8.24
9780790765402,8.24
9786317052963,8.24
9780780664029,8.24
9786315788949,8.24
9780780695689,8.24
9780790785370,8.24
9780790764696,8.24
9786316363428,8.24
9781419893629,8.24
9786317033207,8.24
9786316881588,8.24
9780780624764,8.24
9780790789965,8.24
9781419885389,8.24
9786317085794,8.24
9786316548597,8.24
9781419853753,8.24
9780790740751,8.24
9780780638693,8.24
9786316990075,8.24
9780790779362,8.24
9781419896941,8.24
9786313010004,8.24
9781419883521,8.24
9780780652590,8.24
9781419853692,8.24
9780790758305,8.24
9786310853215,8.24
9780790792262,8.24
9786317231269,8.24
9786317231276,8.24
9780780671461,8.24
9786316882899,8.24
9780780623651,8.24
9786313009824,8.24
9781419818042,8.24
9780780621596,8.24
9780780664838,8.24
9786316755643,8.24
9786316642257,8.24
9781419885655,8.24
9786317208353,8.24
9780790765297,8.24
9780790738659,8.24
9786316642349,8.24
9780790739021,8.24
9780780664081,8.24
9781419899492,8.24
9780790772622,8.24
9780780663886,8.24
9780780663879,8.24
9781419850479,8.24
9781419848872,8.24
9781419817052,8.24
9780780626928,8.24
9780790795270,8.24
9781419853715,8.24
9786316978028,8.24
9781419885464,8.24
9780780643451,8.24
9781419855429,8.24
9786315541162,8.24
9786311484364,8.24
9786316573377,8.24
9786316605108,8.24
9786316777133,8.24
9786316837721,8.24
9786315337475,8.24
9786317504240,8.24
9780790788852,8.24
9780790795355,8.24
9781419860171,8.24
9781419893834,8.24
9780780656208,8.24
9780780631564,8.24
9780780657663,8.24
9786316844415,8.24
9781419892639,8.24
9786316923691,8.24
9786313010035,8.24
9780780663992,8.24
9780780633445,8.24
9786316195258,8.24
9780780689275,8.24
9780790761640,8.24
9781419867781,8.24
9786316545176,8.24
9780780664845,8.24
9786311711354,8.24
9786316505712,8.24
9781419883910,8.24
9781419817007,8.24
9780780663923,8.24
9780780668980,8.24
9780780651708,8.24
9780780663893,8.24
9780780664050,8.24
9780780665835,8.24
9786316642332,8.24
9781419883545,8.24
9781419811043,8.24
9780780664425,8.24
9781419855238,8.24
9780780628526,8.24
9781419853654,8.24
9786317207639,8.24
9781419811050,8.24
9780790795775,8.24
9781419885570,8.24
9786316593047,8.24
9780790731469,8.24
9786314817381,8.24
9780780646636,8.24
9786316095978,8.25
9780788829253,8.25
9786314738464,8.25
9786315327278,8.25
9786307083946,8.25
9786307083953,8.25
9786317343504,8.25
9786313902590,8.25
9786315083112,8.25
9786313998500,8.25
9786314402631,8.25
9780788868443,8.25
9780788888298,8.25
9786314124779,8.25
9780788859526,8.25
9786313998517,8.25
9786313526482,8.25
9786313992942,8.25
9780788839658,8.25
9780788857508,8.25
9786313519484,8.25
9786313697427,8.25
9780788864360,8.25
9786315526060,8.25
9786315327254,8.25
9786316979049,8.25
9786315870095,8.25
9786313998494,8.25
9780788859953,8.25
9786314502669,8.25
9780788889967,8.25
9786317379206,8.25
9786315327285,8.25
9786307661977,8.25
9786315949043,8.25
9786316271976,8.25
9780788847110,8.25
9781531704490,8.25
9786309569400,8.25
9780788875410,8.25
9786313086610,8.25
9780788863660,8.25
9780788877094,8.25
9786308345494,8.25
9786313700233,8.25
9786314124816,8.25
9786316404138,8.25
9780788826498,8.25
9786315557330,8.25
9786313789757,8.25
9786308344893,8.25
9786314889470,8.25
9781627896498,8.25
9786315647512,8.25
9786315545788,8.25
9781627896498,8.25
9780788838125,8.25
9786314664145,8.25
9786315949067,8.25
9786316991256,8.25
9786311670477,8.25
9786314889470,8.25
9786308344893,8.25
9780788860713,8.25
9780788861994,8.25
9780788891601,8.25
9786313667291,8.25
9786308344978,8.25
9781531702298,8.25
9786309217271,8.25
9780788830129,8.25
9786314964696,8.25
9786313730766,8.25
9786315761065,8.25
9780788826856,8.25
9780788831003,8.25
9786317323933,8.25
9786314663285,8.25
9786315104244,8.25
9780788838088,8.25
9786313786299,8.25
9786315713200,8.25
9786316143419,8.25
9786312782254,8.25
9786313944460,8.25
9786314620646,8.25
9780788816079,8.25
9780788895944,8.25
9786314964689,8.25
9786314124755,8.25
9786314739119,8.25
9786317252721,8.25
9786317403758,8.25
9786315374937,8.25
9780780663664,8.25
9786316204257,8.25
9781531702861,8.25
9786313032389,8.25
9786315693557,8.25
9786316438850,8.25
9780788816321,8.25
9786312624578,8.25
9786314012014,8.25
9780788880902,8.25
9786313761982,8.25
9786313944491,8.25
9786314795900,8.25
9786316570178,8.25
9786317373464,8.25
9786317296817,8.25
9786315340796,8.25
9786311670781,8.25
9786310844695,8.25
9786307521202,8.25
9786313929269,8.25
9786317208377,8.25
9780788892264,8.25
9781531704117,8.25
9786307004231,8.25
9786311777305,8.25
9786308344800,8.25
9786314706647,8.25
9780788853708,8.25
9780788860362,8.25
9780788870606,8.25
9786312212577,8.25
9780788841927,8.25
9786316153692,8.25
9780788844164,8.25
9780788864636,8.25
9780788858413,8.25
9786311766491,8.25
9786313944477,8.25
9786314757601,8.25
9786314964986,8.25
9786315226106,8.25
9786315346514,8.25
9786315099441,8.25
9786315799990,8.25
9781419842405,8.25
9780788877056,8.25
9786310702308,8.25
9786317510241,8.25
9786314927769,8.25
9786312148289,8.25
9786313526505,8.25
9786316920676,8.25
9786311777282,8.25
9786314542207,8.25
9786314287689,8.25
9786317306646,8.25
9786308445231,8.25
9786317197404,8.25
9786317399563,8.25
9780788858307,8.25
9786313519491,8.25
9786310468501,8.25
9786314124786,8.25
9786317383708,8.25
9786317143586,8.25
9786317203211,8.25
9781558907317,8.25
9786308344831,8.25
9786313730759,8.25
9786314542214,8.25
9786314884284,8.25
9786314190200,8.25
9786315302312,8.25
9786308345081,8.25
9780788879128,8.25
9786315457357,8.25
9786317371767,8.25
9786308812002,8.25
9786314124762,8.25
9786316990068,8.25
9786317175112,8.25
9786314551629,8.25
9786310985848,8.25
9786308344916,8.25
9780788853647,8.25
9786314884222,8.25
9786308344671,8.25
9786308345890,8.25
9786312727545,8.25
9781531704124,8.25
9786313341030,8.25
9786308421129,8.25
9781531704803,8.25
9781531700225,8.25
9781627895927,8.25
9786316232007,8.25
9786309618948,8.25
9786315036811,8.25
9786317399549,8.25
9780788861567,8.25
9786315871788,8.25
9786306107735,8.25
9780788894428,8.25
9786316594174,8.25
9786315541117,8.25
9780788820366,8.25
9786311131800,8.25
9786312793908,8.25
9786313943050,8.25
9786308421105,8.25
9786317441590,8.25
9786317490628,8.25
9786315804991,8.25
9786316758118,8.25
9786309164971,8.25
9786317373341,8.25
9786317208391,8.25
9786317539235,8.25
9786307509941,8.25
9780788889738,8.25
9786313289523,8.25
9786313863006,8.25
9786315327193,8.25
9786316517456,8.25
9781419885280,8.26
9781419884740,8.26
9786312309642,8.26
9786315351150,8.26
9781419854965,8.26
9781419854965,8.26
9781419886461,8.26
9786316606594,8.26
9781419837838,8.26
9786312401551,8.26
9786312401568,8.26
9780780672864,8.26
9786315524004,8.26
9781419884894,8.26
9786312401483,8.26
9781622242290,8.26
9781419837937,8.26
9786316146199,8.26
9786312713562,8.26
9780780634114,8.26
9781419817106,8.26
9781419898341,8.26
9780780690882,8.26
9780780684010,8.26
9781419882579,8.26
9786316315816,8.26
9786316316882,8.26
9786316201676,8.26
9786316345943,8.26
9781419887451,8.26
9780780690806,8.26
9780780690790,8.26
9786315788888,8.26
9786312714446,8.26
9780780670228,8.26
9786316287601,8.26
9780780649958,8.26
9786315790287,8.26
9786315874598,8.26
9781419837821,8.26
9781419882586,8.26
9786315353437,8.26
9780780674400,8.26
9780780660014,8.26
9780780641143,8.26
9781624042126,8.26
9781624042164,8.26
9781595361158,8.26
9780790781877,8.26
9786315078910,8.26
9781419893476,8.26
9781419888137,8.26
9786315774799,8.26
9786315263743,8.26
9781419887253,8.26
9781419887338,8.26
9780780682139,8.26
9786313589463,8.26
9786311433546,8.26
9780780661332,8.26
9780780688438,8.26
9781624042096,8.26
9780780665279,8.26
9780780670709,8.26
9786314744533,8.32
9786316792518,8.32
9786316773272,8.32
9786314641511,8.32
9786317233126,8.32
9786316872005,8.32
9786316990389,8.32
9786316850300,8.32
9786317300002,8.32
9786316951892,8.37
9786317070684,8.4
9786315814747,8.4
9786317078680,8.4
9786314819187,8.4
9786316846662,8.4
9786315335976,8.4
9786317180017,8.4
9786316975232,8.4
9786317319585,8.4
9786316766571,8.4
9786315709906,8.4
9786315963513,8.4
9786316629326,8.4
9786317305694,8.4
9786314559267,8.4
9786314558949,8.4
9786316614940,8.4
9786317007840,8.4
9786315362118,8.4
9786314539566,8.4
9786316898128,8.4
9786316715500,8.4
9786314205829,8.4
9786317203181,8.4
9786317427822,8.4
9786316715487,8.4
9786316308214,8.4
9786314891398,8.4
9786315671470,8.4
9786313996933,8.4
9786315574665,8.4
9786317343542,8.4
9780109577412,8.4
9786316157102,8.4
9786315464423,8.4
9786315429774,8.4
9786314771454,8.4
9781422941003,8.47
9786317520004,8.5
9786316908988,8.53
9786316777317,8.53
9786317441125,8.53
9786317363540,8.53
9786317025950,8.53
9786316615428,8.53
9786317025967,8.53
9786315173318,8.53
9786315557804,8.53
9786316803849,8.53
9786316537072,8.53
9786317085732,8.53
9786317025974,8.53
9786317363120,8.53
9786311433591,8.53
9786317487543,8.53
9786316615343,8.53
9786317487529,8.53
9786315173608,8.53
9786315924774,8.53
9786317341296,8.53
9786316392824,8.53
9786316615350,8.53
9786317217140,8.53
9786316438942,8.53
9786316803771,8.53
9780780691247,8.53
9786317116283,8.53
9786317119840,8.53
9786317119895,8.53
9786317302945,8.53
9786316071040,8.53
9786316509871,8.53
9786314132286,8.53
9786316877321,8.53
9786316910738,8.53
9786317218697,8.53
9786317362857,8.53
9780780658448,8.53
9786316798251,8.53
9786317086142,8.53
9786317168459,8.53
9786314586065,8.53
9786316346674,8.53
9786317085749,8.53
9786316840257,8.53
9786317168404,8.53
9786317085770,8.53
9786317203051,8.53
9786317119918,8.53
9786317094086,8.57
9786317485853,8.57
9786316586230,8.57
9786317034112,8.57
9786316970718,8.57
9786316803344,8.57
9786317485808,8.57
9786314747039,8.57
9786316188076,8.57
9786317046344,8.57
9786317414990,8.57
9786313167487,8.57
9786315814815,8.57
9786315575174,8.57
9786316840844,8.57
9786317485877,8.57
9786316525406,8.57
9786315150494,8.57
9786317072282,8.57
9786316886965,8.57
9786316525406,8.57
9786316639479,8.57
9786313896493,8.57
9786315919268,8.57
9786316903495,8.57
9786317122574,8.57
9786317404601,8.57
9786314555788,8.57
9781569386866,8.57
9786317310810,8.57
9786315073168,8.57
9780783276700,8.57
9786313541676,8.57
9786315765759,8.57
9786317310452,8.57
9786313420988,8.57
9786316211217,8.57
9786314815745,8.57
9786314639969,8.57
9781417015771,8.57
9786306111053,8.57
9786316579546,8.57
9786317485594,8.57
9786316198723,8.57
9786315374920,8.57
9786315872174,8.57
9786316219053,8.57
9786316715845,8.57
9786315604591,8.57
9786317600805,8.57
9786314059316,8.57
9786316142771,8.57
9786313919475,8.57
9781417003877,8.57
9786314286507,8.57
9786314099787,8.57
9786315245817,8.57
9786315166563,8.57
9786316756701,8.57
9786317485716,8.57
9780109577603,8.57
9786315244797,8.57
9786316846839,8.57
9786315955594,8.57
9786315574719,8.57
9786315320965,8.57
9786317310728,8.57
9786313898404,8.57
9786315164910,8.57
9781417011001,8.57
9786312653844,8.57
9786317310438,8.57
9786317310483,8.57
9786317310612,8.57
9786314270315,8.57
9786314212933,8.57
9786312795094,8.57
9786314457976,8.57
9786315321009,8.57
9786317485686,8.57
9786313586196,8.57
9786316207968,8.57
9786314609832,8.57
9786316858306,8.57
9786314790646,8.57
9786316870148,8.57
9786315640148,8.57
9780783239941,8.57
9786314815844,8.57
9786316886972,8.57
9786315733284,8.57
9786315104985,8.57
9786315326097,8.57
9786312938248,8.57
9786314816681,8.57
9786317035300,8.57
9786317387942,8.57
9786317310704,8.57
9786312299837,8.57
9786317310568,8.57
9786315130854,8.57
9786316645845,8.58
9786317402584,8.58
9786313118038,8.58
9786317484504,8.58
9786314754686,8.58
9786314376888,8.58
9786317023864,8.58
9786315650031,8.58
9780792195405,8.58
9786317290945,8.58
9786317452558,8.58
9780792190219,8.58
9786316923288,8.58
9786317084575,8.58
9786317130999,8.58
9786316726353,8.58
9786315046209,8.58
9786316189240,8.58
9786316860996,8.58
9781415707319,8.58
9786316770844,8.58
9786315650086,8.58
9781415706930,8.58
9786315856341,8.58
9786315441011,8.58
9786311809044,8.58
9786312501749,8.58
9786317023956,8.58
9786316345431,8.58
9786316849489,8.58
9786316726667,8.58
9786317402690,8.58
9786307494124,8.58
9786312533597,8.58
9786316619815,8.58
9786317052314,8.58
9786316726445,8.58
9786316236876,8.58
9786316367716,8.58
9786317160736,8.58
9786316055613,8.58
9786315664786,8.58
9780792195610,8.58
9786314892388,8.58
9780792197980,8.58
9786310952406,8.58
9786315813146,8.58
9786315662911,8.58
9786311396681,8.58
9786317405585,8.64
9786316633088,8.64
9780767813266,8.64
9786317606647,8.64
9786315797224,8.64
9781424818839,8.64
9780767856126,8.64
9781435951174,8.64
9786317499218,8.64
9781424869275,8.64
9786317472754,8.75
9786317367005,8.75
9786317225466,8.75
9786317102132,8.75
9786317372627,8.75
9786317123427,8.75
9786317285149,8.75
9786317472761,8.75
9786317072367,8.8
9786317122628,8.8
9786315162756,8.8
9786317049888,8.8
9786317243255,8.8
9786316877185,8.8
9786316946775,8.8
9786316885920,8.8
9786316753564,8.8
9786317023987,8.8
9786316739988,8.8
9786316974679,8.8
9786316872043,8.8
9786316872043,8.8
9786317023871,8.8
9786316800831,8.8
9786317163904,8.8
9786316715630,8.8
9786316209382,8.8
9780780675926,8.8
9786315701108,8.8
9786315031892,8.8
9786315656491,8.8
9786315846557,8.8
9786314691332,8.8
9786315056710,8.8
9786316858382,8.8
9786317383494,8.8
9786317452305,8.8
9786316192608,8.8
9786316990549,8.8
9786315961861,8.8
9786316858504,8.8
9786313010011,8.8
9786315739446,8.8
9786314404611,8.8
9786314969783,8.8
9781419849473,8.8
9781419849435,8.8
9786316813008,8.8
9780780667693,8.8
9786315340772,8.8
9781419849404,8.8
9786316478627,8.8
9781419898013,8.8
9786315869150,8.8
9786317539532,8.83
9786317242036,9.04
9786317081444,9.06
9786312468035,9.06
9780790768038,9.06
9786310552378,9.06
9786317439719,9.08
9786317252431,9.08
9786317439740,9.08
9786317439818,9.08
9786317318472,9.08
9786317306523,9.08
9786317306523,9.08
9786317439733,9.08
9786317409194,9.08
9786317305472,9.08
9786317169760,9.08
9786316967053,9.08
9786317487499,9.08
9786316473813,9.08
9786317508873,9.08
9786317252356,9.08
9786317361157,9.08
9786317514010,9.08
9786317252400,9.08
9786317252530,9.08
9786317441088,9.08
9786316843159,9.08
9786317119673,9.08
9786317512863,9.08
9786317512870,9.08
9786317514034,9.08
9786316843265,9.08
9786317487550,9.08
9786316222718,9.1
9786316334916,9.1
9786316550651,9.1
9786316777218,9.1
9786315821455,9.1
9786316575401,9.1
9786316921451,9.1
9786316606563,9.1
9786312585008,9.1
9786314196844,9.1
9786316452245,9.1
9786316871954,9.1
9786316773340,9.1
9786315905865,9.1
9786316328908,9.1
9786316773319,9.1
9786316886118,9.1
9786317490703,9.34
9786317373402,9.34
9786317085428,9.34
9786317399600,9.34
9786317092082,9.34
9786317252745,9.34
9786317373648,9.34
9786317225978,9.34
9786317441354,9.34
9786317226074,9.34
9781894449441,9.56
9786317218802,9.6
9786316923295,9.63
9786315819957,9.63
9786315078958,9.63
9780780691933,9.63
9786315185465,9.63
9786315438233,9.63
9786316367723,9.63
9786316095268,9.63
9780780681194,9.63
9780780671225,9.63
9786315590733,9.63
9786314967536,9.63
9786315472077,9.63
9786316222725,9.63
9780780671454,9.63
9786316209467,9.63
9786315245916,9.71
9786315245909,9.71
9786314153229,9.71
9786315034473,9.71
9786317123458,9.76
9781624040313,9.79
9781624040559,9.79
9780780695504,9.79
9781419893155,9.79
9786315373923,9.79
9781624040535,9.79
9786317235823,9.89
9786315190612,9.89
9786316254344,9.9
9786316209559,9.9
9786316915641,9.9
9786316915702,9.9
9786317052826,9.9
9786316915771,9.9
9786317473508,9.9
9786316254405,9.9
9786316775382,10.05
9786314452735,10.05
9786316858955,10.05
9786315631900,10.18
9786317336223,10.18
9786316189295,10.19
9786316971463,10.19
9786313356829,10.19
9786312974987,10.19
9786312850700,10.19
9786314338916,10.19
9786312312611,10.19
9786312704997,10.19
9786316858917,10.19
9786313180011,10.19
9786311621110,10.19
9786311888582,10.19
9786312125624,10.19
9781415716434,10.19
9786313235308,10.19
9786313873203,10.19
9781415722046,10.19
9786314926557,10.19
9786315989964,10.19
9786313926824,10.19
9786314802936,10.19
9781415723425,10.19
9786310853550,10.19
9781931669641,10.19
9786312799337,10.19
9786314740054,10.19
9781415713181,10.19
9786313159468,10.19
9786314404437,10.19
9781415726143,10.19
9786317439672,10.27
9786317448933,10.27
9786317318021,10.27
9786317409156,10.27
9786317448919,10.27
9786317253247,10.27
9786317363502,10.27
9786316877635,10.27
9786317512795,10.27
9786317409309,10.27
9786317487567,10.27
9786317512818,10.27
9786317422964,10.27
9786317361201,10.27
9786317302754,10.27
9786317200111,10.27
9786316966872,10.27
9786317119857,10.27
9786317487703,10.27
9786317487628,10.27
9786314424909,10.28
9786315326172,10.28
9786315151804,10.28
9786314790639,10.28
9786314494001,10.28
9786314099831,10.28
9781593756956,10.37
9786317380219,10.38
9786317441378,10.39
9786317441453,10.39
9786317302877,10.4
9786315126741,10.45
9786316952202,10.73
9786316970626,10.73
9786317067110,10.73
9786315686115,10.73
9786316922083,10.73
9780788860973,10.73
9786317237834,10.73
9786317081215,10.73
9786316682147,10.73
9786314287641,10.73
9786317212251,10.73
9786317227644,10.73
9786316823922,10.73
9780788859960,10.73
9786315526015,10.73
9786315185403,10.73
9786314738549,10.73
9786316662286,10.73
9786317208322,10.73
9786316581518,10.73
9786317226418,10.73
9780780697690,10.73
9780780697720,10.73
9786316363442,10.73
9786317274105,10.73
9786316927095,10.73
9786317048041,10.73
9786317320635,10.73
9786317379510,10.73
9786317047945,10.73
9786316881625,10.73
9780780697744,10.73
9786315878312,10.73
9786317156333,10.73
9781622242740,10.73
9786316838063,10.73
9786317339927,10.73
9786314603946,10.73
9786316646941,10.73
9781419890666,10.73
9780780697669,10.73
9786316682758,10.73
9786317166042,10.73
9786317393189,10.73
9780780691155,10.73
9786316569097,10.73
9786317274136,10.73
9786315541131,10.73
9786317140219,10.73
9786317247352,10.73
9786316550613,10.73
9786315317729,10.73
9786317464162,10.73
9786317207455,10.73
9786317274129,10.73
9780780691094,10.73
9786317379503,10.73
9786316581532,10.73
9786316610911,10.78
9786315659492,10.78
9786315574795,10.78
9786317485860,10.78
9786315123481,10.78
9786317418233,10.78
9786317278677,10.78
9786317485815,10.78
9786317188020,10.78
9786310603698,10.78
9786316189226,10.78
9786316645715,10.78
9786316975102,10.78
9786316972736,10.78
9786317309272,10.78
9786317310636,10.78
9786317226272,10.78
9786317241541,10.78
9786311353646,10.78
9786314772192,10.78
9780780684478,10.89
9780790768113,10.9
9786317181595,10.92
9786317182318,10.92
9786317003514,10.92
9786317136403,10.92
9786317078710,10.92
9786317136373,10.92
9786317216365,10.92
9786317098435,10.92
9786316420404,10.92
9786317078635,10.92
9786317026346,10.92
9786317539655,10.92
9786316829788,10.97
9786316615589,10.98
9786316581273,10.98
9786317497849,10.98
9781593751555,10.98
9786316673749,10.98
9786311302163,10.98
9786317302006,10.98
9786317051850,10.98
9786316583864,10.98
9781608836147,10.99
9781616151898,10.99
9786317373488,10.99
9786317373525,10.99
9786317016781,10.99
9786316479518,10.99
9786317441552,10.99
9786317490680,10.99
9786317499997,10.99
9786315872013,10.99
9786317131101,10.99
9786317197787,10.99
9786317197800,10.99
9786317226111,10.99
9786315354984,11
9786317303461,11
9781531703806,11
9781531702069,11
9781627899888,11
9786317109834,11
9781608832804,11
9781627897907,11
9781627895552,11
9781531704483,11
9781531702373,11
9781608834358,11
9781627899307,11
9781627899895,11
9786316854384,11
9781627897945,11
9781531704834,11
9780793696963,11
9781531702717,11
9786317445062,11
9781415702604,11
9786317392908,11
9781531703844,11
9781531704131,11
9781627891882,11
9786317489318,11
9781531704759,11
9786309101228,11
9781415709306,11
9781531704841,11
9786308594755,11
9786317263383,11.03
9786317037243,11.03
9786316977830,11.03
9786317035164,11.03
9786317106949,11.03
9786317115026,11.03
9786317022454,11.03
9786317517233,11.41
9786317350489,11.41
9786314790615,11.43
9786315180606,11.43
9786313255146,11.43
9786314681128,11.43
9786311718285,11.43
9786317053236,11.44
9786317053144,11.44
9786317053106,11.44
9786317053182,11.44
9786317525313,11.44
9786317053212,11.44
9786317052772,11.44
9786317117808,11.44
9786317119710,11.44
9786317047488,11.44
9786317487772,11.44
9786317047440,11.44
9786317168589,11.44
9786317053274,11.44
9786317535299,11.5
9786317323940,11.5
9786317454064,11.54
9786317173774,11.54
9786317536838,11.54
9786317390973,11.55
9786317427549,11.55
9786317383333,11.55
9786317539730,11.55
9786317504172,11.55
9786317445468,11.55
9786317427228,11.55
9786317337534,11.55
9786316977823,11.55
9786317452039,11.55
9786317354487,11.55
9786317452152,11.55
9786317505056,11.55
9786317499201,11.55
9786317504127,11.64
9786316903419,11.75
9786317098510,11.75
9786317098466,11.75
9786317022911,11.75
9786317261884,11.75
9786313200603,11.75
9786317383425,11.75
9786317211360,11.75
9786317034129,11.75
9786316913289,11.75
9786317162136,11.75
9786317234192,11.75
9786316975263,11.75
9786317211407,11.75
9786317316621,11.75
9786316994844,11.75
9786316918826,11.75
9786317129634,11.75
9786316800817,11.75
9786317211322,11.75
9786317352148,11.75
9786316915580,11.75
9786317170643,11.75
9786314395964,11.75
9786316640499,11.75
9786316921468,11.75
9786317161146,11.75
9786317211391,11.75
9786317078260,11.75
9786317042674,11.75
9786317162105,11.75
9786317233027,11.75
9786316921482,11.75
9786317078406,11.75
9786316893017,11.75
9786316907943,11.75
9786316698742,11.75
9786313639779,11.75
9786316840936,11.75
9786317233102,11.75
9786317106871,11.75
9781681433608,11.8
9786316540317,11.85
9786316614926,11.92
9786316202697,11.92
9786317145351,11.92
9786316104809,11.92
9786316903457,11.92
9786313375769,11.92
9786317145337,11.92
9786314353711,11.96
9786317531628,11.96
9786317117839,12.01
9786317439795,12.01
9786316842985,12.01
9786317269996,12.01
9786317305595,12.01
9786317439702,12.01
9786317218741,12.01
9786314833855,12.01
9786317512771,12.01
9786316846778,12.06
9786316923271,12.06
9786317122536,12.06
9786315874468,12.06
9786317046184,12.06
9786317009226,12.06
9786317022744,12.06
9786316189844,12.06
9786313852000,12.06
9786316328830,12.06
9786315614408,12.06
9786316800923,12.06
9786316328946,12.06
9786316209269,12.06
9786316505354,12.06
9786315652806,12.06
9786315670824,12.06
9786315666780,12.06
9786315625312,12.06
9786316728340,12.06
9786315849275,12.06
9786316712004,12.06
9786316666260,12.06
9786312358862,12.06
9786316615244,12.06
9786314374761,12.06
9786316606846,12.06
9786307938451,12.06
9786309899729,12.06
9786310108605,12.06
9786309761873,12.06
9786312975601,12.06
9786314715496,12.06
9786317009196,12.06
9786310046976,12.06
9786309761866,12.06
9786313102556,12.06
9786309899682,12.06
9786317009288,12.06
9786315604614,12.06
9786316184283,12.06
9786316177148,12.06
9786307133764,12.06
9786310801186,12.06
9786315128356,12.06
9786310108582,12.06
9786312750598,12.06
9786311291917,12.06
9786315134111,12.06
9786315662768,12.06
9786317089556,12.06
9786316893666,12.07
9786317431539,12.07
9786317459939,12.07
9786317321731,12.07
9786317322110,12.07
9786317459946,12.07
9786317360112,12.07
9786317430105,12.07
9786317226814,12.07
9786314939465,12.07
9786317517691,12.07
9786315223754,12.07
9786317322059,12.07
9786314725303,12.07
9786316947215,12.07
9786314911782,12.07
9786317389854,12.08
9786316145925,12.09
9786315443510,12.09
9786317137806,12.1
9786317300729,12.13
9786317127876,12.13
9786317285040,12.13
9786317188389,12.13
9786317227927,12.13
9786317318861,12.13
9786317188921,12.13
9786317191044,12.13
9786317163874,12.13
9786317175082,12.13
9786317085169,12.13
9786317285095,12.13
9786317107045,12.13
9786317162891,12.13
9786317017993,12.13
9786317066335,12.13
9786317009370,12.13
9786317209930,12.13
9786316613783,12.13
9786317263567,12.13
9786316824059,12.13
9786317106970,12.13
9786317046276,12.13
9786316893307,12.13
9786317263543,12.13
9786317273832,12.13
9786317122314,12.13
9786317168886,12.13
9786317107038,12.13
9786317261914,12.13
9786316800787,12.13
9786316977403,12.13
9786317067547,12.13
9786316980120,12.13
9786317116900,12.13
9786317122550,12.13
9786317120105,12.13
9786317309050,12.13
9786317234222,12.13
9786317106994,12.13
9786317078758,12.13
9786317094079,12.13
9786316971401,12.13
9786314794118,12.13
9786315496387,12.13
9786316780140,12.13
9786316153531,12.13
9786316886071,12.13
9786315797934,12.13
9786314612689,12.13
9786316476333,12.13
9786316171603,12.13
9786314698553,12.13
9786317241695,12.13
9786317157569,12.13
9786315919275,12.13
9786316739933,12.13
9786316910714,12.13
9786315242151,12.13
9786315258671,12.13
9786314513221,12.13
9786306284771,12.13
9786317085152,12.13
9781419875137,12.16
9781419899836,12.16
9781419824647,12.16
9780790792330,12.16
9781419849206,12.16
9780780697331,12.16
9781419890550,12.16
9780790765327,12.16
9780780648722,12.16
9786315909290,12.16
9780780668140,12.16
9781419803543,12.16
9786315697142,12.16
9786311720127,12.16
9786312129950,12.16
9786315800207,12.16
9786312219088,12.16
9786310430621,12.16
9786312577072,12.16
9780780697270,12.16
9780780675377,12.16
9786311719848,12.16
9780780696365,12.16
9786315757396,12.16
9781419886348,12.16
9781419885341,12.16
9780780685000,12.16
9780780697287,12.16
9786313960798,12.16
9786312577010,12.16
9781419886294,12.16
9780780668157,12.16
9780790789200,12.16
9786310430584,12.16
9786317086210,12.16
9786315464362,12.16
9786316055606,12.16
9780790747774,12.16
9786314393304,12.16
9781419802577,12.16
9786314593421,12.16
9786317145047,12.22
9786317199095,12.22
9786316885142,12.22
9786317203310,12.22
9786316977168,12.22
9786317167360,12.22
9786317175471,12.22
9786316977120,12.22
9786316802309,12.22
9786314789015,12.22
9786316922021,12.22
9786316179135,12.22
9786314841126,12.22
9786313616152,12.22
9786316867995,12.22
9786311987490,12.22
9786316178817,12.22
9786316862693,12.22
9781435963313,12.22
9781435989467,12.22
9781424884889,12.22
9781404946910,12.22
9786316164339,12.22
9786317201545,12.22
9781404972575,12.22
9781404956575,12.22
9786317153462,12.31
9786317273757,12.31
9786317294981,12.31
9786317405707,12.31
9786317452060,12.31
9786317203150,12.31
9786317352018,12.31
9786317504400,12.31
9786317216419,12.31
9786317458505,12.31
9786317362802,12.31
9786317405653,12.31
9786317114982,12.31
9786317429857,12.31
9786317484580,12.31
9786317295056,12.31
9786317219861,12.31
9786317370524,12.31
9786317352193,12.31
9786317539693,12.31
9786317496231,12.31
9786317452046,12.31
9786317424814,12.31
9786317438033,12.31
9786317326798,12.31
9786317352216,12.31
9786317504073,12.31
9786317505032,12.31
9786317122260,12.31
9786317404632,12.31
9786317383388,12.31
9786317352179,12.31
9786316980434,12.31
9786317346390,12.31
9786317452107,12.31
9786317427235,12.31
9786317352155,12.31
9786317383289,12.31
9786317452206,12.31
9786317503038,12.31
9786317383357,12.31
9786317418196,12.31
9786317383364,12.31
9786317587106,12.31
9786317452183,12.31
9786317078666,12.31
9786317429925,12.31
9786316918604,12.31
9786317452176,12.31
9786317106819,12.31
9786317106758,12.31
9786315785337,12.31
9786316953919,12.31
9786317539754,12.31
9786317504066,12.31
9786316980595,12.31
9786317563773,12.31
9786317078291,12.31
9786309792358,12.32
9780738904900,12.32
9786314739089,12.38
9786315123788,12.38
9786316946713,12.38
9786315169342,12.38
9786313454044,12.38
9786316869944,12.38
9786315104190,12.38
9786314738570,12.38
9786314295387,12.38
9786314964573,12.38
9786314287665,12.38
9786317225473,12.38
9786317343535,12.38
9786313454051,12.38
9786314738488,12.38
9786314738419,12.38
9786313943036,12.38
9780788875472,12.38
9786315557354,12.38
9786315104183,12.38
9780788876936,12.38
9786315949050,12.38
9786314295165,12.38
9786314730130,12.38
9786315104251,12.38
9786315207822,12.38
9786315582646,12.38
9786315712975,12.38
9786316154552,12.38
9786315585456,12.38
9786317343511,12.38
9786316078780,12.38
9786316078780,12.38
9786314698768,12.38
9786317443211,12.38
9786315135521,12.38
9786316397331,12.38
9786316404121,12.38
9780788824098,12.38
9786314663667,12.38
9786314757663,12.38
9786315083051,12.38
9786316404152,12.38
9786311777275,12.38
9780788845659,12.38
9786316404114,12.38
9786315582639,12.38
9786314516581,12.38
9786316404145,12.38
9786315083129,12.38
9786317443235,12.38
9786316078742,12.38
9786316067821,12.38
9786313614264,12.38
9786314448844,12.38
9786316035233,12.38
9786315083082,12.38
9786316397362,12.38
9780788858253,12.38
9780788874024,12.38
9786311218457,12.38
9786313614240,12.38
9786313789634,12.38
9786313789832,12.38
9786313848157,12.38
9786314152253,12.38
9786314698706,12.38
9786314757656,12.38
9786313799664,12.38
9786313667284,12.38
9786314964658,12.38
9786315135545,12.38
9786315208164,12.38
9786315309342,12.38
9786315526077,12.38
9786315659478,12.38
9786316550620,12.38
9786316581525,12.38
9786315541124,12.38
9786315671487,12.38
9786313526529,12.38
9786315545795,12.38
9786313712212,12.38
9786316564122,12.38
9786314698744,12.38
9786313944439,12.38
9786315046834,12.38
9780788897382,12.38
9786315083068,12.38
9786315800009,12.38
9780788885372,12.38
9786314448837,12.38
9786317008663,12.38
9786317008694,12.38
9786316271983,12.38
9786315870101,12.38
9780788888038,12.38
9786313944422,12.38
9786316067845,12.38
9786315103162,12.38
9786306953813,12.38
9786314672614,12.38
9786315580888,12.38
9786316061157,12.38
9786316629302,12.38
9780788605994,12.47
9786317329010,12.56
9786317311015,12.65
9786317499478,12.65
9786313618552,12.65
9786310530246,12.69
9786316606600,12.75
9786317024021,12.75
9786311615713,12.75
9786314786885,12.75
9786314869250,12.75
9786315797910,12.76
9786317020122,12.83
9786316773364,12.83
9786316630612,12.83
9786317346345,12.83
9786317117709,12.83
9786316586247,12.83
9786317285118,12.83
9786317310858,12.83
9786317294967,12.83
9786317311046,12.83
9786317485266,12.83
9786316970725,12.83
9786316198211,12.83
9786317046313,12.83
9786315043925,12.83
9786316840851,12.83
9786317384408,12.83
9786317346369,12.83
9786316188052,12.83
9786314604806,12.83
9786317343566,12.83
9786317309197,12.83
9786316756640,12.83
9786317270787,12.83
9786316881335,12.83
9786316157164,12.83
9786316899378,12.83
9786317472594,12.83
9786317309241,12.83
9786316189264,12.83
9786317241558,12.83
9786316492630,12.83
9786317241572,12.83
9786317409392,12.83
9780783240282,12.83
9786316570154,12.83
9786316809322,12.83
9786317009332,12.83
9786317600690,12.83
9786316803351,12.83
9786317503939,12.83
9786317503946,12.83
9786317175129,12.93
9786317227972,12.93
9786316983343,12.93
9786316982490,12.93
9786317022805,12.93
9786317017856,12.93
9786317284982,12.93
9786317318427,12.93
9786317089020,12.93
9786317116221,12.93
9786317175143,12.93
9786316346759,12.93
9786315162800,12.93
9786317026223,12.93
9786316967077,12.93
9786317318489,12.93
9786314659530,12.93
9786317199866,12.93
9786315245886,12.93
9786317048126,12.93
9786317487611,12.93
9786317512689,12.93
9786316675095,12.93
9780741130624,12.93
9786317409279,12.93
9786317287532,13
9786317287549,13
9786317565180,13
9786317357242,13
9786317160712,13
9786317260139,13
9786316571663,13
9786316971500,13
9786316559449,13
9786316991300,13
9786316571618,13
9786316991270,13
9786316571625,13
9786316973320,13
9786316973344,13
9786316971494,13
9786315557002,13
9786316583147,13
9786316583161,13
9786316763235,13.13
9786316824035,13.13
9786316903426,13.13
9786316730909,13.13
9786316910851,13.13
9786316378187,13.13
9786316800824,13.13
9786316840912,13.13
9786317022492,13.17
9786309498472,13.17
9786316682192,13.19
9781419899454,13.19
9786315909245,13.19
9786315108990,13.19
9781419897535,13.19
9780790765341,13.19
9781419819162,13.19
9780790787527,13.19
9781419824371,13.19
9781419805769,13.19
9780780692862,13.19
9781419839665,13.19
9786311475843,13.19
9786315656354,13.19
9781419844683,13.19
9786308681554,13.19
9786316428370,13.19
9780780690516,13.19
9781419816857,13.19
9786317105195,13.19
9786315006128,13.19
9781419833182,13.19
9786315185410,13.19
9786315263989,13.19
9781622248407,13.19
9781419899393,13.19
9781419847271,13.19
9786316062406,13.19
9781419844706,13.19
9786312707318,13.19
9786316952219,13.2
9786317237872,13.2
9786317067127,13.2
9786317011793,13.2
9786317203297,13.2
9786317212275,13.2
9786316823939,13.2
9786317081246,13.2
9786312406419,13.2
9786316747402,13.2
9786317099845,13.2
9786317227651,13.2
9786311627914,13.2
9786316618047,13.2
9781419837890,13.2
9786317351912,13.2
9786317379398,13.2
9786317394643,13.2
9786317426634,13.2
9786316858337,13.2
9786312312727,13.2
9786317116153,13.2
9781622242771,13.2
9786316885166,13.2
9786316465962,13.2
9786317035850,13.2
9786317449138,13.2
9786316918895,13.2
9786316985330,13.2
9786317244368,13.2
9786317441774,13.2
9786317166059,13.2
9786317208285,13.2
9786316702012,13.2
9786317207714,13.2
9786317212169,13.2
9786315126727,13.2
9786317394667,13.2
9786317025813,13.2
9786317361850,13.2
9786316877208,13.2
9786317207424,13.2
9780780694507,13.2
9786317048997,13.2
9780780685925,13.2
9780780682788,13.2
9786315264115,13.2
9786315438035,13.2
9786316920287,13.2
9780780690578,13.2
9786315762444,13.2
9781419829819,13.2
9786316917386,13.2
9786317512375,13.2
9780783119304,13.2
9786316920355,13.2
9781419844508,13.2
9780780693081,13.2
9786317274112,13.2
9786317362062,13.2
9786317426535,13.2
9786317176973,13.2
9786315699887,13.2
9780780690370,13.2
9786317076693,13.2
9786317029743,13.2
9786315847134,13.2
9786315189968,13.2
9786311915417,13.2
9786317319608,13.2
9786316837745,13.2
9786317464254,13.2
9780780690868,13.2
9786315878480,13.2
9780780683655,13.2
9786316314604,13.2
9786317393226,13.2
9786317502987,13.2
9786317029736,13.2
9786317362048,13.2
9786317312876,13.2
9786316915917,13.2
9781622241286,13.2
9781419857287,13.2
9781624040153,13.2
9786317339941,13.2
9780780670235,13.2
9786313053209,13.2
9786317320611,13.2
9786316557391,13.2
9780780662872,13.2
9786317156432,13.2
9786317052949,13.2
9786317244450,13.2
9786317048010,13.2
9786317504219,13.2
9781622242764,13.2
9780780662568,13.2
9786317289802,13.2
9786316951533,13.2
9786317049000,13.2
9786311881729,13.2
9786315874031,13.2
9786316734662,13.2
9781622243198,13.2
9786317339910,13.2
9781419843082,13.2
9786317144958,13.2
9786316702616,13.2
9786312592648,13.2
9780780684911,13.2
9780780660144,13.2
9786317203280,13.2
9786315696633,13.2
9781419833915,13.2
9786317362055,13.2
9786315109010,13.2
9786315437939,13.2
9786316317711,13.2
9786317464278,13.2
9786317029729,13.2
9780780694408,13.2
9780780691049,13.2
9786317351943,13.75
9786317302723,13.75
9786317302730,13.75
9786316980557,13.75
9786317130838,13.75
9786317070691,13.75
9786317191020,13.75
9786317153479,13.75
9786317246287,13.75
9786317246294,13.75
9786316599797,13.75
9786317481305,13.75
9786317072374,13.75
9786317191037,13.75
9786317011519,13.75
9786317038943,13.75
9786317130845,13.75
9786316946799,13.75
9786316973313,13.75
9786317212244,13.75
9786316970657,13.75
9786317078697,13.75
9786316973375,13.75
9786316747648,13.75
9786317122635,13.75
9786317114999,13.75
9786317243262,13.75
9786316975256,13.75
9786315785351,13.75
9786316764430,13.75
9786317035997,13.75
9786316846679,13.75
9786316345707,13.75
9786317033993,13.75
9786316763266,13.75
9786317224308,13.75
9786317067554,14.04
9786317592889,14.3
9786316726421,14.71
9786317066311,14.71
9786317371101,14.85
9786313600199,14.85
9786317570849,14.85
9786317580480,15.37
9786317384798,15.39
9786317484511,15.55
9786317198951,15.8
9786317492011,15.8
9786317452404,15.8
9786317414594,15.8
9786316880499,16.5
9786316880505,16.5
9786316880536,16.5
