ISBN,Price,"US Rank","US Profit","CA Rank","CA Profit","UK Rank","UK Profit","DE Rank","DE Profit","FR Rank","FR Profit","IT Rank","IT Profit","ES Rank","ES Profit","MX Rank","MX Profit","IN Rank","IN Profit","JP Rank","JP Profit"
9781441324238,2.95,"4,090",-4.666389106,"11,995",-3.79826237,"10,422",-4.681993056,"210,091",-7.231993056,-1,-7.231993056,"19,906",-4.639493056,"45,622",-4.664993056,"7,021",-7.231993056,-1,-7.231993056,-1,-7.231993056
9781593593148,2.95,"4,123",-4.666389106,"5,975",-3.79826237,"3,762",-5.098493056,"1,254,005",-7.231993056,"419,677",-7.231993056,"2,518",-4.902993056,"7,747",-4.919993056,"8,745",-7.231993056,"297,547",-7.231993056,"2,215,033",-7.231993056
9780769647197,2.99,-1,-9.991532242,-1,-10.54356909,"5,426,172",-11.716647392,"3,510,271",-11.716647392,"1,815,630",-11.716647392,"177,519",-8.549355328,801,-5.659355328,"4,337",-8.549355328,-1,-11.716647392,"1,890",-8.549355328
9780769646794,2.99,361,-5.543439912,128,-4.81337124,777,-6.079725312,"1,002,848",-8.468225312,"25,060",-4.974725312,"170,365",-8.468225312,"11,965",-5.578225312,"4,642",-8.468225312,"180,963",-8.468225312,"26,799",-8.468225312
9780718096267,2.99,"168,759",-5.718596971,-1,-8.588707795,"1,176,529",-7.262943296,-1,-9.268943296,-1,-9.268943296,"35,016",-6.786943296,"120,505",-6.914443296,"12,763",-9.268943296,-1,-9.268943296,"146,286",-6.140943296
9780769646893,2.99,449,-5.578162677,120,-4.887777165,730,-6.229957952,"1,106,466",-8.626957952,"54,495",2.822542048,"132,197",-8.626957952,"9,229",-5.736957952,"2,066",-8.626957952,"48,206",-8.626957952,"44,395",-8.626957952
9781474821131,2.99,"49,278",-7.313439912,"544,800",-7.43337124,"3,793,631",-7.688225312,-1,-7.688225312,-1,-7.688225312,-1,-7.688225312,"155,144",-7.688225312,-1,-7.688225312,"264,381",-7.688225312,"273,295",-7.688225312
9780718091750,2.99,"189,112",-5.70084978,"309,580",-5.1506781,"338,502",-5.78781328,"634,882",-6.63781328,-1,-9.18781328,"24,916",-6.71431328,"92,767",-6.71431328,-1,-9.18781328,"54,480",-9.18781328,"58,165",-9.18781328
9780769677217,2.99,"1,176",-5.561187103,"3,524",-4.851400935,"41,865",-6.194855328,"2,035,235",-8.549355328,"61,788",-5.472355328,"387,942",-8.549355328,"25,207",-8.549355328,"13,678",-8.549355328,"363,803",-8.549355328,"42,058",-5.446855328
9780486292687,3.5,"704,133",-4.787469956,"2,869,781",-3.78493562,"5,795,665",-5.408362656,"3,436,490",-7.958362656,"1,321,794",-5.178862656,-1,-7.958362656,"1,052,591",-4.949362656,-1,-7.958362656,"95,716",-7.958362656,"2,755,566",-7.958362656
9780717802418,3,-1,-7.217728383,"447,814",-2.940465315,"1,020,638",-7.539492672,"3,241,851",-7.539492672,"621,070",-7.539492672,"1,162,459",-5.312492672,"741,171",-5.779992672,"61,461",41.123007328,"1,169,230",-7.539492672,"1,699,420",-7.539492672
9780439399296,3.95,"4,849",-4.872717147,-1,-8.166846535,"575,144",-5.905492672,"1,224,627",-8.489492672,"54,366",-5.429492672,"71,938",-5.998992672,"81,133",-5.599492672,"64,262",-8.489492672,"103,445",-8.489492672,"47,969",-8.489492672
9781572813083,3.95,"20,431",-4.8796617,"11,886",-4.0243465,"10,123",-5.7672392,"273,782",-2.0612392,"139,408",-8.5212392,"598,669",-8.5212392,"46,533",-4.6282392,"60,206",-8.5212392,"177,397",-8.5212392,"25,582",-6.4387392
9780439399302,3.95,"7,631",-5.273662677,"28,978",-4.260277165,"628,844",-6.222957952,"1,739,804",-8.806957952,"131,706",-8.806957952,"587,114",-6.316457952,"111,879",-5.916957952,"43,093",47.301542048,"146,483",-8.806957952,"51,780",-8.806957952
9780439399319,3.95,"11,107",-4.8796617,"72,854",-4.0838465,"646,523",-5.9372392,"249,809",-5.7162392,"95,068",-5.4612392,-1,-6.0307392,"113,120",-5.6312392,"82,947",-8.5212392,"272,855",-8.5212392,"42,897",-4.5007392
9781572813090,3.95,"18,775",-4.872717147,"24,474",-4.009465315,"10,725",-5.735492672,"2,994,597",-8.489492672,"120,298",-5.012992672,"1,261,648",-8.489492672,"58,469",-4.596492672,"45,398",55.583507328,"260,672",-8.489492672,"53,391",-4.383992672
9781411434806,3.95,-1,-8.167728383,"11,240",-9.376747435,-1,-8.164972608,"49,771",-6.292094528,"173,194",-9.862094528,"319,675",-9.862094528,"20,459",-5.731094528,-1,-8.164972608,"1,021",-9.862094528,"4,095",-5.765094528
9781411434943,3.95,"89,547",-9.158379824,"28,376",-5.18224248,"75,600",-6.507950624,"55,828",-6.337950624,"30,317",-6.006450624,"310,569",-9.907950624,"5,971",-5.589950624,-1,53.867549376,"75,355",-9.907950624,"7,408",-6.609950624
9781426302862,3.99,-1,-8.207728383,-1,-8.206846535,"3,482,622",-8.204972608,"1,624,979",-8.448362656,"113,968",-5.286362656,"29,220",-5.932362656,"22,360",-5.133362656,"19,566",48.510137344,"122,921",-8.448362656,"90,993",-8.448362656
9780307118394,3.99,870,-4.860969956,478,-4.07093562,"290,393",-5.898362656,"1,134,750",-8.448362656,"172,994",-5.277862656,"49,655",-5.932362656,"192,061",-5.252362656,"24,383",48.510137344,"196,279",-8.448362656,"37,955",-4.283362656
9781481486477,3.99,"3,616",-4.843222765,"7,944",-4.457905925,"252,713",-8.36723264,"102,567",-5.81723264,"203,697",-8.36723264,"48,160",-5.89373264,"60,799",-5.89373264,"31,980",48.59126736,"42,804",-8.36723264,"7,431",-4.29573264
9780545415835,3.99,"2,491",-5.795969956,"6,284",-4.49593562,"246,864",-5.838862656,"2,324,962",-8.448362656,"140,463",-8.448362656,"98,633",-5.932362656,"56,104",-5.133362656,"76,846",42.891637344,"173,896",-8.448362656,"20,970",-8.448362656
9780394837031,3.99,"1,281",-4.878717147,"9,045",-3.768965315,"1,159,607",-6.735992672,"3,827,843",-8.529492672,"936,573",-5.503492672,"1,690,069",-5.367492672,"1,025,545",-5.367492672,-1,36.801007328,"241,988",-8.529492672,"422,919",-8.529492672
9781481489072,3.99,"4,655",-4.822389106,"2,326",-4.41326237,"232,410",-8.271993056,"150,502",-4.871993056,"135,433",-5.951493056,"28,409",-5.755993056,"25,935",-4.956993056,0,-8.2,"55,253",-8.271993056,"22,583",-4.098493056
9780394856407,3.99,"2,022",-5.575692721,"2,610",-4.570341545,"114,693",-6.057095296,"620,465",-8.607095296,"32,519",-5.436595296,"35,617",-6.091095296,"58,481",-4.884095296,"34,056",48.181404704,"76,882",-8.607095296,"32,433",-4.442095296
9781481488921,3.99,"9,286",-4.860969956,"19,463",-4.49593562,"273,766",-8.448362656,"182,480",-5.473362656,"110,370",-6.136362656,"40,738",-5.932362656,"62,587",-5.923862656,"39,968",48.510137344,"216,509",-8.448362656,"29,784",-4.291862656
9780307119384,3.99,"1,675",-4.860969956,268,-4.49593562,"78,355",-5.796362656,"735,336",-8.448362656,"46,052",-5.277862656,"27,006",-5.932362656,"27,031",-5.039862656,"51,341",38.820137344,-1,-8.448362656,"21,810",-4.274862656
9780679809012,3.99,"838,686",-8.207728383,907,-3.675465315,"28,072",-5.860492672,"278,703",-5.120992672,"181,948",-5.358992672,"179,839",-5.214492672,"58,235",-5.214492672,"38,267",43.490507328,"130,610",-8.529492672,"59,281",-4.364492672
9780375852084,3.99,"6,581,885",-8.207728383,"4,419",-3.98826237,"832,541",-8.271993056,"7,186,350",-8.271993056,"438,563",-5.101493056,-1,-5.798493056,"40,348",-5.798493056,"37,986",35.656006944,"286,289",-8.271993056,"35,384",-4.106993056
9780307119421,3.99,893,-4.936722765,454,-4.075405925,"326,704",-5.81723264,"1,393,703",-8.36723264,"115,507",-8.36723264,"60,478",-5.85123264,"77,462",-5.47723264,"84,600",48.59126736,"123,688",-8.36723264,"82,791",-4.20223264
9780060573829,3.99,"6,618",-4.895692721,"20,726",-4.145341545,"1,606,745",-8.607095296,"2,170,627",-8.607095296,"201,325",-8.607095296,"1,002,229",-6.133595296,"746,975",-8.607095296,"30,675",48.351404704,"233,206",-8.607095296,"48,392",-4.467595296
9780307125842,3.99,"3,356",-5.200969956,"1,618",-5.03143562,"440,099",-5.821862656,"2,576,817",-8.448362656,"127,176",-5.362862656,"65,636",-6.017362656,"103,570",-6.688862656,"86,000",48.510137344,-1,-8.448362656,"43,932",-4.291862656
9780545415842,3.99,"4,830",-4.860969956,"13,063",-4.49593562,"262,988",-5.838862656,"2,052,878",-8.448362656,"83,110",-5.354362656,"93,411",-5.932362656,"68,837",-5.133362656,"90,883",48.510137344,"119,500",-8.448362656,"18,485",-4.308862656
9780307118868,3.99,-1,-9.264738886,950,-4.039029695,"1,105,817",-8.289630016,"2,525,495",-8.289630016,"304,459",-5.195630016,"168,938",-8.289630016,"735,463",-8.289630016,-1,60.092869984,"451,161",-8.289630016,"40,218",-4.124630016
9780307119391,3.99,"1,972",-4.860969956,"1,304",-3.27193562,"412,506",-8.448362656,"1,290,467",-8.448362656,"206,836",-8.448362656,"65,952",-5.932362656,"68,510",-5.677362656,-1,48.510137344,"212,252",-8.448362656,"41,586",-8.448362656
9780062075482,3.99,"2,912",-4.860969956,"31,135",-4.07093562,"495,996",-5.838862656,"90,588",-4.342862656,"59,504",-5.354362656,"78,915",-5.906862656,"97,948",-5.974862656,"55,453",56.109137344,-1,-8.448362656,"55,126",-4.308862656
9780062187666,3.99,"5,337",-4.860969956,"26,457",-4.11343562,"179,009",-5.048362656,"3,244,452",-8.448362656,"497,714",-5.354362656,"529,879",-5.430862656,"659,440",-5.133362656,"50,473",48.510137344,"184,714",-8.448362656,"204,057",-4.291862656
9780545174800,3.99,"11,997",-4.822389106,"11,057",-4.03076237,"520,603",-5.687993056,"1,576,603",-8.271993056,"155,404",-5.169493056,"411,997",-5.730493056,"59,506",-4.956993056,"40,367",57.535006944,-1,-8.271993056,"12,592",-8.271993056
9780061235979,3.99,"2,209",-4.860969956,"7,069",-4.07093562,"6,298,534",-8.448362656,"414,282",-6.110862656,"162,561",-5.906862656,"152,887",-6.340362656,"1,117,045",-6.187362656,"27,118",48.510137344,"311,919",-8.448362656,"852,837",-8.448362656
9781481486453,3.99,"18,626",-6.571025403,"8,077",-4.481054435,"300,685",-8.416616128,"106,037",-5.866616128,"153,480",-8.416616128,"45,069",-5.943116128,"39,339",-5.943116128,0,-8.2,"79,175",-8.416616128,"17,270",-4.345116128
9780679806639,3.99,"3,394",-4.895692721,"11,851",-3.754341545,"1,113,371",-8.607095296,"834,468",-8.607095296,"218,342",-5.436595296,"121,427",-6.091095296,"257,053",-6.133595296,"51,096",41.015904704,"78,817",-8.607095296,"24,435",-4.442095296
9780439903745,3.99,"9,794",-4.860969956,"72,580",-4.49593562,"474,230",-5.796362656,"2,417,267",-8.448362656,"429,949",-5.396862656,"383,529",-5.932362656,-1,-5.558362656,-1,-8.448362656,"243,556",-8.448362656,"25,160",-4.495862656
9780887431395,3.99,"7,778,018",-8.365909868,"106,240",-4.155777165,"2,214,766",-6.398957952,"2,569,710",-8.846957952,"2,302,927",-5.837957952,"151,866",-2.089457952,"962,863",-5.880457952,-1,36.288042048,-1,-8.846957952,"85,066",-5.217457952
9781557482648,3.99,"3,196,643",-9.268596971,"24,457",-3.942836555,"332,594",-9.009217984,"906,435",-9.009217984,"280,073",-5.847217984,"351,978",-6.493217984,"1,096,415",-9.009217984,-1,47.949282016,"24,436",-9.009217984,"49,532",-9.009217984
9780545607988,3.99,"5,716",-4.826247191,"40,547",-4.421529695,"434,022",-8.289630016,"1,133,729",-8.289630016,"271,161",-5.195630016,"292,807",-5.748130016,"130,048",-8.289630016,"25,404",48.668869984,"64,749",-8.289630016,"60,538",-4.192630016
9781589254404,3.99,"999,346",-4.871772594,"1,598,197",-3.27808413,"5,009",-5.888246144,"7,125,334",-8.497746144,"478,654",-5.412246144,"50,449",-5.182746144,"284,596",-5.182746144,-1,-8.497746144,-1,-8.497746144,"815,241",-4.434746144
9780375844188,3.99,"16,173",-4.854025403,"15,466",-4.472554435,"418,079",-5.866616128,"2,457,967",-8.416616128,"73,385",-5.263116128,"225,811",-5.900616128,"40,660",-5.220616128,"36,889",58.469883872,"572,986",-8.416616128,"27,271",-8.416616128
9780062086280,3.99,"1,856",-4.860969956,"7,711",-4.07093562,"182,628",-5.796362656,"117,365",-5.039862656,"130,244",-5.303362656,"69,764",-5.932362656,"76,982",-5.133362656,"180,719",57.205637344,"196,361",-8.448362656,"206,806",-8.448362656
9780060573812,3.99,"7,625",-4.860969956,"47,335",-4.07093562,"524,473",-8.448362656,"2,089,929",-8.448362656,"423,999",-8.448362656,"72,006",-5.932362656,"179,412",-5.133362656,"46,102",48.510137344,-1,-8.448362656,"120,410",-4.385362656
9780545215787,3.99,"3,524,636",-8.207728383,"28,652",-4.533965315,"157,384",-5.877492672,"2,089,207",-8.529492672,"41,336",-5.375992672,"63,891",-6.013492672,"26,721",-5.214492672,"285,203",48.429007328,"189,733",-8.529492672,"23,937",-8.529492672
9780439853118,3.99,"5,080",-4.860969956,"34,538",-4.49593562,"991,765",-8.448362656,"1,164,063",-8.448362656,"433,093",-8.448362656,"356,313",-5.932362656,"590,445",-8.448362656,"28,501",48.510137344,"64,156",-8.448362656,"45,898",-8.448362656
9780545401142,3.99,"11,135",-4.860969956,"22,549",-4.49593562,"478,864",-8.448362656,"1,556,796",-8.448362656,"249,711",-5.354362656,"649,887",-5.932362656,"582,000",-5.133362656,"62,478",48.510137344,"134,067",-8.448362656,"81,318",-4.376862656
9780394881782,3.99,"10,850,287",-8.215444553,"83,760",-4.07093562,"314,643",-5.779362656,"5,433,912",-8.448362656,"1,632,395",-5.277862656,"729,625",-5.133362656,"262,736",-5.133362656,"139,334",48.510137344,"801,292",-8.448362656,"92,645",-8.448362656
9780545842310,3.99,"1,359",-4.953747191,"15,754",-3.996529695,"269,602",-8.289630016,"18,895",-8.289630016,"959,288",-8.289630016,"36,760",-8.289630016,"19,094",-8.289630016,"28,900",55.205369984,"253,286",-8.289630016,"32,166",-8.289630016
9780545215961,3.99,"12,775",-4.878717147,"19,004",-4.108965315,"344,243",-5.877492672,"2,242,102",-8.529492672,"76,580",-5.375992672,"73,150",-6.013492672,"45,251",-5.214492672,"59,150",48.429007328,"404,446",-8.529492672,"10,836",-4.364492672
9781338161397,3.99,"6,769",-5.763657059,783,-5.147836555,"422,922",-9.789217984,-1,-5.955717984,"16,846",-4.315217984,968,-7.273217984,303,-6.440217984,"13,867",54.938282016,"154,253",-9.789217984,"145,556",-5.624217984
9780843176605,3.99,"22,045",-4.854025403,"125,141",-3.622554435,"476,509",-5.807116128,"2,593,371",-8.416616128,"741,769",-5.246116128,-1,-4.778616128,"149,638",-5.110116128,-1,56.557383872,"92,158",-8.416616128,"1,388,889",-4.251616128
9780448456249,3.99,"5,895",-4.860969956,"13,168",-4.11343562,"1,505,478",-5.813362656,-1,-8.448362656,"607,205",-5.277862656,-1,-4.665862656,"422,849",-5.974862656,"27,631",39.517137344,"437,652",-8.448362656,"363,802",-8.448362656
9780545415859,3.99,"8,761",-4.878717147,"24,312",-4.533965315,"72,924",-5.919992672,"2,936,747",-8.529492672,"105,544",-5.426992672,"107,206",-6.013492672,"76,526",-5.214492672,-1,56.028007328,"128,131",-8.529492672,"26,499",-4.457992672
9780307118936,3.99,"2,859",-4.843222765,"1,684",-4.075405925,"1,676,618",-8.36723264,"1,708,086",-8.36723264,"1,920,968",-6.36973264,"380,119",-5.23073264,"292,559",-6.60773264,"67,138",48.59126736,"317,423",-8.36723264,"96,074",-8.36723264
9780307126283,3.99,"3,996",-4.860969956,"6,198",-4.07093562,"1,137,172",-8.448362656,"1,858,070",-8.448362656,"352,450",-5.277862656,"484,551",-8.448362656,"468,986",-8.448362656,-1,48.510137344,"229,849",-8.448362656,"432,313",-8.448362656
9780439158046,3.99,"11,038",-4.843222765,"11,226",-4.075405925,"97,810",-5.74923264,"372,074",-8.36723264,"17,637",-5.19673264,"23,746",-5.85123264,378,-4.95873264,"12,796",48.59126736,"400,388",-8.36723264,"25,536",-8.36723264
9780062350053,3.99,"14,425",-4.860969956,"25,818",-4.07093562,"365,294",-5.838862656,"160,471",-8.448362656,"54,808",-4.954862656,"148,739",-5.558362656,"54,149",-5.558362656,"110,619",55.199637344,"58,760",-8.448362656,"32,612",-4.351362656
9780439524711,3.99,"11,612",-4.871772594,"7,000",-4.51058413,"474,960",-5.888246144,"3,565,306",-8.497746144,"410,861",-5.412246144,"327,923",-5.956246144,"61,044",-5.182746144,-1,55.634753856,"66,273",-8.497746144,"40,494",-4.358246144
9780307119407,3.99,"1,423,779",-8.295692721,407,-4.032905925,"218,751",-5.81723264,"1,013,993",-8.36723264,"78,757",-5.21373264,"60,184",-5.85123264,"71,680",-5.59623264,-1,48.59126736,"102,837",-8.36723264,"39,050",-4.21073264
9780545215800,3.99,"10,726",-4.878717147,"65,055",-4.108965315,"364,333",-5.911492672,"1,372,671",-8.529492672,"79,650",-5.358992672,"119,299",-6.013492672,"223,774",-5.214492672,-1,48.429007328,-1,-8.529492672,"78,894",-8.529492672
9780062075536,3.99,"12,477",-5.557969956,"1,409",-4.49593562,"492,173",-5.787862656,"1,915,235",-8.448362656,"141,055",-5.294862656,"182,631",-5.932362656,"160,692",-5.974862656,-1,55.199637344,"545,315",-8.448362656,"55,089",-4.300362656
9780062350169,3.99,"9,743",-5.640969956,"28,331",-4.85093562,"694,036",-6.584862656,"72,849",-6.253362656,-1,-6.176862656,-1,-6.338362656,-1,-6.338362656,-1,55.329137344,-1,-9.228362656,-1,-5.156862656
9780062350169,3.99,"9,743",-5.640969956,"28,331",-4.85093562,"694,036",-6.584862656,"72,849",-6.253362656,-1,-6.176862656,-1,-6.338362656,-1,-6.338362656,-1,55.329137344,-1,-9.228362656,-1,-5.156862656
9780679854388,3.99,"2,893",-4.860969956,"3,918",-4.07093562,"875,837",-5.779362656,"1,769,297",-8.448362656,"998,311",-5.277862656,"1,524,746",-5.133362656,"687,779",-5.558362656,"82,979",56.993137344,-1,-8.448362656,"130,727",-4.283362656
9780062350367,3.99,"50,190",-4.860969956,"37,215",-4.49593562,-1,-8.448362656,-1,-8.448362656,-1,-5.396862656,-1,-5.974862656,-1,-5.974862656,-1,57.358637344,-1,-8.448362656,-1,-4.385362656
9781589254442,3.99,"12,994",-4.878717147,"29,164",-3.590465315,"386,485",-5.919992672,"3,620,173",-8.529492672,"238,398",-5.010492672,"602,136",-6.013492672,"223,933",-5.639492672,"20,155",48.429007328,"236,874",-8.529492672,"18,098",-4.457992672
9780590416023,3.99,"12,865",-4.878717147,"37,141",-4.151465315,"374,025",-5.911492672,"1,002,613",-8.529492672,"172,364",-5.409992672,"103,431",-6.013492672,"181,624",-5.214492672,-1,56.444507328,"173,634",-8.529492672,"254,656",-4.398492672
9780394830193,3.99,"283,480",-4.826247191,"48,898",-4.421529695,"154,323",-5.739630016,"1,495,966",-8.289630016,"135,783",-4.745130016,"281,201",-5.816130016,"362,497",-5.816130016,-1,-8.289630016,"672,951",-8.289630016,"194,893",-8.289630016
9781426324482,3.99,"12,482",-4.878717147,"334,269",-8.358965315,"189,942",-5.902992672,"85,336",-5.129492672,"507,604",-5.375992672,"171,004",-5.214492672,"67,969",-5.214492672,"170,963",-8.529492672,"238,901",-8.529492672,"41,424",-4.372992672
9780060539498,3.99,"18,296",-4.878717147,"36,558",-4.533965315,"1,210,243",-5.894492672,"377,144",-5.120992672,"2,489,000",-5.477992672,"899,904",-3.658992672,"169,023",-8.529492672,"89,784",48.429007328,"1,034,682",-8.529492672,"189,520",-8.529492672
9780062303882,3.99,917,-5.897969956,"32,299",-4.49593562,"467,974",-5.779362656,"167,686",-5.048362656,"145,901",-5.277862656,"72,478",-5.932362656,"32,932",-5.133362656,"18,721",40.758137344,"169,838",-8.448362656,"44,201",-8.448362656
9780310712558,3.99,"1,432",-4.914248168,"2,259",-4.13046036,"242,324",-6.025348768,"1,354,135",-8.575348768,"153,738",-5.421848768,"66,323",-5.464348768,"501,567",-5.464348768,"45,086",60.487151232,"93,539",-8.575348768,"116,119",-8.575348768
9780448421650,3.99,"10,083",-4.878717147,"117,789",-4.108965315,"1,512,763",-8.529492672,"5,634,346",-8.529492672,"472,763",-6.540492672,"1,167,897",-6.361992672,"944,290",-6.327992672,-1,54.889007328,-1,-8.529492672,"106,180",-4.364492672
9780062086273,3.99,"11,273",-4.822389106,"33,655",-4.41326237,"526,939",-4.871993056,"5,794,763",-8.271993056,"227,431",-5.220493056,"688,652",-4.956993056,"161,710",-6.359493056,-1,56.302506944,-1,-8.271993056,"779,977",-4.132493056
9781465420275,3.99,"31,689",-4.878717147,"63,260",-4.533965315,"892,099",-8.529492672,"996,564",-8.529492672,"119,487",-5.358992672,"241,101",-6.013492672,"16,991",-5.214492672,"43,537",58.909507328,"597,875",-8.529492672,"52,734",-4.364492672
9781465458599,3.99,"11,719",-4.860969956,"26,104",-4.49593562,"27,991",-5.787862656,"326,825",-5.048362656,-1,-5.294862656,"71,702",-5.932362656,"37,183",-5.133362656,"47,072",48.510137344,-1,-8.448362656,"67,697",-4.308862656
9781338112900,3.99,"6,454",-4.826247191,"12,211",-4.030529695,"194,896",-5.697130016,"876,077",-4.881130016,-1,-5.170130016,-1,-5.773630016,"356,833",-4.974630016,"231,507",-8.289630016,"115,545",-8.289630016,"15,975",-4.158630016
9780590410564,3.99,"21,673",-4.860969956,"653,494",-3.96893562,"1,026,985",-5.838862656,"5,097,340",-8.448362656,"268,378",-5.345862656,"627,617",-5.932362656,"170,837",-5.133362656,-1,-8.448362656,"151,623",-8.448362656,"19,818",-4.308862656
9780545215954,3.99,"14,769",-4.895692721,"19,272",-4.187841545,"397,444",-5.997595296,"105,271",-5.632095296,"121,616",-8.607095296,"82,516",-6.091095296,"34,947",-5.572595296,-1,48.351404704,0,-8.2,"25,007",-4.561095296
9780375826313,3.99,"11,229",-4.860969956,"2,200",-4.07093562,"1,489,094",-8.448362656,"3,627,201",-8.448362656,"690,777",-5.354362656,"1,468,425",-8.448362656,"1,325,819",-8.448362656,"77,091",48.510137344,"539,892",-8.448362656,"313,362",-8.448362656
9780439540070,3.99,"8,337",-4.913439912,"179,791",-4.60837124,"478,769",-6.036225312,"2,656,481",-8.688225312,"11,441",-5.526225312,"356,843",-5.449725312,"333,726",-4.548725312,"57,222",58.767774688,-1,-8.688225312,"89,159",-8.688225312
9781534401815,3.99,"653,312",-4.857883488,"366,093",-4.48932176,-1,-7.431253088,"1,336,720",-5.025753088,-1,-6.470753088,-1,-6.793753088,"666,962",-5.178753088,-1,-8.434253088,-1,-8.434253088,"265,530",-8.434253088
9780307119483,3.99,"10,705",-4.843222765,"14,974",-3.233905925,"275,881",-5.69823264,"2,048,363",-8.36723264,"100,711",-5.20523264,"68,408",-5.93623264,"86,537",-5.47723264,-1,56.19026736,-1,-8.36723264,"255,213",-4.20223264
9780545401135,3.99,"7,887",-4.860969956,"11,274",-4.49593562,"530,949",-8.448362656,"437,434",-5.141862656,"184,830",-5.354362656,"1,106,884",-5.932362656,"98,684",-5.133362656,"87,212",60.767137344,"63,410",-8.448362656,"74,129",-4.283362656
9780448434056,3.99,"15,428",-4.878717147,"31,731",-4.108965315,"632,414",-5.894492672,-1,-8.529492672,"164,898",-5.401492672,"289,294",-5.987992672,"243,797",-5.639492672,-1,55.603007328,-1,-8.529492672,"142,103",-4.372992672
9780545068239,3.99,-1,-8.207728383,"156,144",-4.449405925,"936,538",-5.74073264,"2,489,852",-8.36723264,"252,266",-5.23923264,-1,-5.05223264,-1,-5.47723264,-1,-8.36723264,-1,-8.36723264,"65,657",-8.36723264
9780545823357,3.99,"22,697",-4.867914509,"59,449",-4.510816805,"1,438,139",-5.845109184,-1,-8.480109184,"486,256",-5.394609184,"349,968",-5.165109184,-1,-5.590109184,-1,48.478390816,-1,-8.480109184,"200,303",-4.417109184
9780545219860,3.99,"31,361",-4.826247191,"70,179",-4.421529695,"842,621",-8.289630016,"3,588,950",-8.289630016,"689,303",-5.187130016,"86,301",-5.773630016,"388,581",-4.974630016,"105,497",-8.289630016,"124,659",-8.289630016,"60,290",-4.150130016
9780789473653,3.99,"15,717",-4.878717147,"70,970",-4.533965315,"330,794",-5.911492672,"4,263,223",-8.529492672,"701,541",-5.409992672,-1,-4.840492672,"704,201",-6.055992672,-1,-8.529492672,-1,-8.529492672,"55,897",-4.372992672
9780448434100,3.99,"17,918",-4.955192721,"32,136",-4.145341545,"578,052",-5.997595296,"1,239,540",-8.607095296,"149,278",-5.436595296,"1,021,186",-3.668595296,"280,091",-5.300595296,-1,60.472404704,"679,510",-8.607095296,"159,976",-4.442095296
9780736430708,3.99,"11,573",-4.871772594,"13,158",-4.09408413,"10,966",-5.828746144,"5,282,293",-8.497746144,"252,434",-5.361246144,"367,164",-5.981746144,"873,409",-5.182746144,-1,58.405753856,-1,-8.497746144,"65,728",-4.332746144
9780545301701,3.99,"8,130",-4.899550806,"30,101",-4.15360887,"355,827",-6.015232256,"277,165",-5.224732256,"508,872",-5.530732256,"604,509",-6.108732256,"368,551",-5.309732256,-1,60.454767744,"128,838",-8.624732256,"56,805",-4.570232256
9780375857355,3.99,"116,146",-4.826247191,"57,419",-3.996529695,"26,943",-5.450630016,"7,430,330",-8.289630016,"1,794,208",-5.195630016,-1,-5.773630016,-1,-4.974630016,-1,56.284869984,"311,389",-8.289630016,"234,907",-4.133130016
9780307119759,3.99,"6,458",-4.860969956,"10,273",-4.11343562,"368,492",-5.898362656,"2,141,068",-8.448362656,"95,535",-5.277862656,"93,012",-5.932362656,"114,058",-4.308862656,-1,48.510137344,"429,936",-8.448362656,"42,384",-4.283362656
9780756639280,3.99,"28,881",-8.278717147,"28,362",-8.358965315,"25,498",-5.877492672,"411,583",-5.129492672,"250,953",-5.435492672,"981,089",-5.214492672,"158,271",-5.214492672,"79,739",46.737507328,"81,783",-8.529492672,"169,206",-5.095492672
9781338148640,3.99,"15,076",-4.854025403,"43,406",-4.090054435,"367,014",-5.807116128,-1,-5.866616128,-1,-5.331116128,-1,-5.943116128,"201,442",-5.943116128,-1,-8.416616128,-1,-8.416616128,"17,635",-4.319616128
9780060539511,3.99,"5,339",-4.860969956,"1,895",-4.11343562,"926,296",-5.821862656,"260,271",-5.218362656,"452,866",-5.320362656,"775,997",-5.932362656,"424,363",-5.133362656,"212,675",48.510137344,-1,-8.448362656,"106,180",-4.317362656
9780439773768,3.99,"18,341",-4.895692721,"199,073",-8.395341545,"187,692",-5.997595296,"2,005,607",-8.607095296,"71,436",-5.513095296,"23,363",-6.091095296,"446,537",-8.607095296,"55,208",-8.607095296,"400,282",-8.607095296,"305,559",-4.510095296
9781481403184,3.99,"9,598",-4.911222765,"41,536",-4.075405925,"190,005",-5.73223264,"3,377,534",-8.36723264,"125,778",-5.28173264,"52,133",-5.85123264,"49,561",-5.05223264,"234,278",57.45676736,-1,-8.36723264,"965,289",-8.36723264
9781465451897,3.99,"25,022",-4.815444553,"197,961",-3.973381185,"1,221,591",-8.240246528,"1,683,578",-4.831746528,-1,-5.069746528,-1,-5.724246528,-1,-4.925246528,-1,-8.240246528,-1,-8.240246528,"40,597",-4.075246528
9780062404213,3.99,"7,938",-5.107469956,"46,457",-4.49593562,"1,168,051",-5.796362656,"115,221",-5.898362656,"223,157",-8.448362656,"84,867",-5.974862656,"23,099",-5.974862656,"30,150",55.565137344,"77,881",-8.448362656,"213,280",-8.448362656
9781891767005,4.95,"22,547",-4.998025403,"22,081",-3.673054435,"90,131",-3.460616128,"84,015",-3.851616128,"77,308",-3.902616128,"87,344",-3.588116128,"144,011",-3.588116128,"111,920",70.914383872,"302,808",-9.376616128,"305,860",-4.200116128
9781891767050,4.95,"26,804",-5.057439912,"34,874",-3.99587124,"173,810",-1.148225312,"163,514",-3.817225312,"313,953",0.492274688,"284,608",-3.451725312,"121,946",-3.451725312,"78,421",77.757274688,0,-9.16,"306,228",-4.463225312
9780451531056,4.95,"36,204",-5.171136297,"20,186",-5.020292065,"114,525",-5.913123072,"15,497",-5.054623072,"52,590",-5.386123072,"83,139",-6.193623072,"63,989",-5.488123072,"14,767",71.810876928,"90,614",-9.313123072,"303,217",-9.313123072
9780553210095,4.95,"7,882,836",-9.291187103,"2,078,042",-3.498841545,-1,-9.729355328,"887,516",-9.567095296,"106,858",-9.567095296,-1,-9.729355328,-1,-9.729355328,"105,698",48.462404704,"114,717",-9.567095296,-1,-9.729355328
9780486272986,4.95,650,-5.0296617,"1,428",-3.7068465,"1,798",-6.4612392,"885,110",-9.5212392,"263,348",-4.4127392,"57,326",-6.4017392,"56,941",-5.6112392,"5,335",61.0372608,"19,498",-9.5212392,"9,471",-5.3902392
9780881884999,4.99,"1,038",-5.186127015,"109,439",-9.696272175,877,-7.14658064,"68,972",-6.25408064,"201,330",-3.05808064,"25,767",-10.24908064,"91,233",-3.39808064,"69,827",-10.24908064,"20,472",-10.24908064,"42,533",-5.05558064
9780679882817,4.99,415,-6.448192721,251,-5.655341545,"242,536",-9.607095296,"11,202",-6.207095296,"7,385",-5.646095296,"14,266",-6.462095296,"23,391",-6.300595296,"1,953",49.731404704,"6,887",-9.607095296,"4,752",-4.396595296
9780448456942,4.99,695,-5.028717147,"1,792",-3.876465315,"217,913",-9.529492672,"767,121",-9.529492672,"25,361",-5.500492672,"20,639",-6.384492672,"6,815",-5.806492672,"40,969",-9.529492672,"74,515",-9.529492672,"8,214",-4.318992672
9780553522778,4.99,262,-5.523162677,150,-4.917777165,"41,060",-6.514957952,"54,176",-5.588457952,"113,827",-5.987957952,"66,755",-6.701957952,"92,641",-5.707457952,"15,514",61.561542048,"115,402",-9.846957952,"68,631",-4.636457952
9781524715120,4.99,168,-5.045692721,"1,020",-4.805341545,"232,589",-6.207095296,"159,960",-5.357095296,"69,469",-5.314595296,"105,524",-5.467595296,"100,018",-5.765095296,"14,193",74.738404704,"521,996",-9.607095296,"31,314",-4.396595296
9780062404459,4.99,"2,269",-5.530192721,"10,881",-4.805341545,"1,314,617",-6.343095296,"238,852",-5.357095296,"162,988",-5.748095296,"303,483",-6.802095296,"101,874",-5.884095296,"103,567",60.951404704,"66,662",-9.607095296,"48,451",-4.396595296
9780736436038,4.99,607,-5.045692721,606,-4.805341545,"13,255",-7.057095296,"72,754",-5.357095296,"17,159",-5.637595296,"41,541",-6.462095296,"35,296",-5.467595296,"20,054",-9.607095296,"243,635",-9.607095296,"7,420",-4.396595296
9781426310386,4.99,"4,445",-5.871772594,"7,650",-4.44808413,"74,119",-6.097746144,"2,489,676",-9.497746144,"145,017",-5.562246144,"76,169",-6.352746144,"15,322",-5.358246144,"18,596",61.392253856,"89,639",-9.497746144,"47,224",-9.497746144
9780843126990,4.99,487,-5.435969956,"6,720",-3.96593562,"132,582",-6.796362656,"2,910,165",-9.448362656,"226,506",-6.277862656,"224,804",-6.303362656,"120,911",-5.308862656,-1,53.502637344,"185,312",-9.448362656,"852,551",-9.448362656
9780545565110,4.99,"3,384",-5.843222765,664,-4.820405925,"903,015",-9.36723264,"79,700",-5.11723264,"120,273",-9.36723264,"48,993",-6.22223264,"24,868",-5.22773264,"60,076",62.04126736,"184,897",-9.36723264,"3,206",-4.50523264
9781426302855,4.99,"4,369",-5.871772594,"8,164",-4.24408413,-1,-9.204972608,"2,401,119",-9.497746144,"224,951",-5.536746144,"224,565",-5.358246144,"71,188",-5.358246144,"24,913",61.392253856,"91,232",-9.497746144,"97,049",-9.497746144
9780448401249,4.99,"6,366",-5.028717147,"42,961",-3.468465315,"1,059,297",-6.214492672,"4,603,992",-9.529492672,"1,358,641",-6.367492672,"224,954",-6.384492672,"83,745",-5.398492672,"63,231",-9.529492672,"92,237",-9.529492672,"172,020",-9.529492672
9780679890478,4.99,480,-5.474550806,"1,510",-4.42260887,"993,657",-9.624732256,"9,982",-5.629732256,"6,054",-5.663732256,"17,537",-6.479732256,"27,087",-5.366232256,"7,820",68.583767744,"14,060",-9.624732256,"33,453",-4.456732256
9781426310362,4.99,"2,920",-5.871772594,"2,954",-5.51908413,"10,243",-6.097746144,"904,957",-9.497746144,"52,031",-5.213746144,"12,882",-6.352746144,"7,202",-5.358246144,"7,925",61.392253856,"10,914",-9.497746144,"3,309",-4.304246144
9780736428507,4.99,"11,459",-5.049550806,"43,748",-4.30360887,"7,752",-6.292732256,"345,180",-5.366232256,"171,240",-5.689232256,"180,399",-6.479732256,"68,202",-9.624732256,"50,007",74.737767744,-1,-9.624732256,"82,925",-9.624732256
9780062404268,4.99,"4,356",-5.878717147,"13,974",-5.533965315,"1,630,799",-6.256992672,"262,187",-5.279492672,"224,364",-5.568492672,"132,662",-6.749992672,"20,938",-5.389992672,"66,469",-9.529492672,-1,-9.529492672,"32,796",-9.529492672
9780736438001,4.99,"1,241",-5.045692721,"4,277",-4.805341545,"57,753",-6.326095296,"94,662",-5.357095296,"21,450",-5.365595296,"33,499",-6.462095296,"24,147",-5.467595296,357,73.429404704,"268,914",-9.607095296,"11,531",-4.388095296
9780307010858,4.99,669,-5.478469956,918,-4.27193562,"273,017",-6.048362656,"1,565,185",-9.448362656,"297,648",-9.448362656,"20,925",-6.303362656,"5,775",-3.158362656,"70,984",-9.448362656,"156,169",-9.448362656,"27,696",-4.229362656
9781426310478,4.99,"4,966",-5.822389106,"21,218",-5.41326237,"16,659",-5.871993056,"1,854,236",-9.271993056,"313,565",-5.336493056,"34,820",-6.381993056,"37,622",-5.863493056,"14,115",51.877006944,"36,384",-9.271993056,"17,945",-4.078493056
9781426309205,4.99,"8,528",-5.878717147,"26,009",-5.533965315,"193,907",-6.129492672,"2,851,193",-9.529492672,"191,919",-5.568492672,"72,819",-6.384492672,"64,597",-6.120992672,"67,007",61.505007328,"132,182",-9.529492672,"32,156",-9.529492672
9780679882824,4.99,"2,178",-5.045692721,"1,369",-4.414341545,"803,664",-9.607095296,"17,544",-6.207095296,"21,283",-5.646095296,"25,257",-6.462095296,"29,410",-6.300595296,"10,769",61.801404704,"56,393",-9.607095296,"95,883",-9.607095296
9780525580607,4.99,"24,194",-5.683192721,"2,074",-4.805341545,"40,552",-9.607095296,"11,204",-5.357095296,"4,822",-5.671595296,-1,-5.467595296,"28,234",-5.467595296,"2,838",73.947904704,-1,-9.607095296,-1,-4.439095296
9780736421775,4.99,"2,248",-5.326192721,"2,395",-5.570341545,"599,837",-9.607095296,"184,893",-9.607095296,"49,893",-9.607095296,"13,818",-4.728095296,"31,715",-4.813095296,"41,742",-9.607095296,"160,020",-9.607095296,"5,617",-4.396595296
9780062404411,4.99,"2,297",-6.482217147,"23,506",-4.768965315,"518,074",-6.214492672,"578,520",-5.704492672,-1,-5.712992672,-1,-5.806492672,-1,-5.806492672,-1,48.381007328,-1,-9.529492672,"188,980",-9.529492672
9781426306105,4.99,"9,166",-5.878717147,"17,653",-5.533965315,"42,967",-6.129492672,"1,470,553",-9.529492672,"253,601",-5.576992672,"151,305",-6.384492672,"91,897",-5.389992672,"19,219",61.360507328,"172,778",-9.529492672,"65,845",-9.529492672
9780736426701,4.99,"4,900",-5.378662677,"16,293",-4.407777165,"47,830",-7.177957952,"1,065,523",-9.846957952,"22,724",-5.545957952,"20,084",-6.701957952,"46,004",-6.123957952,"29,252",61.561542048,-1,-9.846957952,"7,931",-4.636457952
9780545919821,4.99,459,-5.028717147,"3,760",-4.003965315,"344,301",-5.993492672,-1,-5.279492672,-1,-5.602492672,-1,-5.389992672,-1,-5.389992672,-1,61.879007328,-1,-9.529492672,-1,-4.395492672
9780064440202,4.99,"5,967,883",-9.207728383,-1,-9.206846535,"1,322,278",-9.624732256,"1,202,996",-9.624732256,"89,009",-5.680732256,"29,978",-6.148232256,"74,243",-5.485232256,"30,143",53.411267744,"17,402",-9.624732256,70,-5.544732256
9780843174984,4.99,"10,653,423",-9.207728383,"33,532",-3.43043562,"577,683",-6.864362656,"3,390,640",-9.448362656,"911,674",-6.277862656,-1,-5.334362656,"275,908",-5.308862656,"268,231",61.960137344,"265,108",-9.448362656,"136,889",-4.237862656
9780736423120,4.99,"2,524",-5.045692721,"5,722",-4.295341545,"191,420",-6.938095296,"361,763",-9.607095296,"24,739",-5.654595296,"38,880",-4.277595296,"23,882",-5.467595296,"15,278",-9.607095296,"329,707",-9.607095296,"17,290",-4.396595296
9781338228762,4.99,"7,468",-5.184889106,"70,174",-3.88326237,-1,-5.727493056,-1,-5.013493056,"54,095",-5.412993056,-1,-5.132493056,-1,-5.132493056,-1,62.136506944,-1,-9.271993056,"91,309",-4.146493056
9780307021342,4.99,"3,833,031",-12.068693942,"7,119",-4.346341545,"165,432",-6.207095296,"3,627,117",-9.607095296,"64,771",-5.646095296,"69,388",-6.462095296,"105,910",-5.467595296,"22,991",61.282904704,"159,520",-9.607095296,"26,376",-4.396595296
9781426308550,4.99,"6,764,495",-9.215444553,"27,701",-4.22093562,"426,446",-9.448362656,"248,780",-3.209362656,"103,914",-5.512862656,"62,262",-6.303362656,"102,320",-5.308862656,"28,785",61.008137344,"179,497",-9.448362656,"33,457",-5.291862656
9780545919777,4.99,"1,643",-5.0356617,"12,619",-4.0188465,"366,754",-6.2462392,"159,512",-5.3112392,-1,-5.6937392,-1,-5.4217392,-1,-5.4217392,-1,72.7442608,-1,-9.5612392,"630,600",-4.4527392
9781426310591,4.99,"4,687",-5.895692721,"5,610",-4.346341545,"9,285",-6.207095296,"1,795,101",-9.607095296,"126,978",-5.671595296,"28,201",-6.462095296,"17,513",-5.467595296,"15,942",61.427404704,"26,912",-9.607095296,"66,273",-9.607095296
9780736421867,4.99,"3,844",-5.241192721,"9,129",-5.570341545,"24,858",-6.938095296,"711,251",-9.607095296,"18,941",-5.306095296,"12,402",-6.462095296,"24,679",-6.300595296,"28,739",74.959404704,"94,564",-9.607095296,"6,961",-4.396595296
9780307931801,4.99,"14,498",-5.175324377,"3,944",-4.624123665,"1,275,119",-10.199697152,"52,036",-6.799697152,"15,043",-6.238697152,"7,255",-7.054697152,"11,452",-6.893197152,"3,806",61.208802848,"88,488",-10.199697152,"33,195",-4.989197152
9781524763886,4.99,"2,431",-5.063439912,"25,355",-4.84337124,"102,211",-6.415725312,"291,071",-5.429725312,"111,743",-5.735725312,"70,768",-6.543225312,"98,388",-5.548725312,"83,762",61.720274688,"187,559",-9.688225312,"151,268",-4.469225312
9780307960382,4.99,"9,749",-5.895692721,"4,278",-4.346341545,"1,299,348",-9.607095296,"381,683",-5.357095296,"364,505",-5.731095296,"845,239",-6.462095296,"278,944",-5.467595296,"205,688",72.417904704,"689,759",-9.607095296,"143,834",-4.413595296
9781426304262,4.99,"8,947",-5.913439912,"19,774",-5.60837124,"29,589",-6.288225312,"2,488,521",-9.688225312,"209,943",-6.534725312,"277,472",-5.548725312,"67,229",-5.548725312,"30,078",49.165774688,0,-9.2,"80,798",-9.688225312
9780064440585,4.99,"12,418",-5.913439912,"45,114",-5.60837124,"349,371",-9.688225312,"1,338,852",-9.688225312,"214,400",-9.688225312,"69,445",-6.543225312,"114,447",-5.548725312,"57,149",-9.688225312,"73,870",-9.688225312,"1,233",-4.477725312
9780375815058,4.99,"2,069",-5.049550806,"13,231",-3.51310887,"98,598",-6.292732256,"132,919",-6.054732256,"32,265",-5.663732256,"67,904",-4.040232256,"34,600",-6.088732256,347,73.411767744,-1,-9.624732256,"59,305",-4.414232256
9781338163001,4.99,"2,698",-5.045692721,"9,746",-4.040341545,"189,561",-6.292095296,"122,457",-5.348595296,-1,-5.739595296,-1,-6.487595296,"158,926",-5.467595296,-1,61.801404704,"76,363",-9.607095296,"32,725",-4.430595296
9780679882800,4.99,"3,135",-5.045692721,"13,264",-4.414341545,"1,936,995",-9.769355328,"17,975",-6.377095296,"22,987",-4.889595296,"130,953",-5.263595296,"22,382",-6.300595296,"13,807",71.329904704,"79,178",-9.607095296,"10,480",-4.413595296
9781405437813,4.99,"35,718",-9.47084978,"308,346",-9.7706781,"376,047",-10.40781328,"367,398",-5.30781328,"1,205,249",-6.54881328,"216,937",-5.45231328,"163,633",-5.45231328,-1,-10.40781328,"512,450",-10.40781328,"305,833",-10.40781328
9781465445902,4.99,"16,434",-5.045692721,"68,328",-4.805341545,"944,433",-9.607095296,"376,693",-5.357095296,"1,155,369",-5.671595296,-1,-6.428095296,-1,-5.467595296,"58,936",61.801404704,"266,418",-9.607095296,"86,445",-4.413595296
9780394886695,4.99,"6,822",-5.878717147,"12,300",-5.533965315,"141,184",-6.860492672,"985,765",-9.529492672,"26,642",-5.568492672,"68,488",-6.384492672,"75,929",-5.389992672,"34,130",61.360507328,"36,452",-9.529492672,"18,525",-9.529492672
9780375824944,4.99,"4,430",-5.860969956,"16,141",-4.73093562,"1,321,781",-9.448362656,"2,050,511",-9.448362656,"65,603",-6.277862656,"57,473",-6.303362656,"46,505",-5.308862656,"46,602",-9.448362656,"364,638",-9.448362656,"48,691",-9.448362656
9780736438551,4.99,"2,102",-5.258192721,"9,224",-4.805341545,"75,284",-6.292095296,"350,177",-5.357095296,"40,755",-5.731095296,-1,-6.462095296,"27,834",-5.467595296,"16,803",61.801404704,-1,-9.607095296,"14,376",-4.396595296
9780843182934,4.99,543,-5.860969956,"59,153",-9.32093562,"434,874",-6.116362656,-1,-9.448362656,"1,021,542",-6.277862656,"384,264",-6.269362656,"548,048",-5.308862656,"77,035",61.008137344,"236,841",-9.448362656,"106,776",-4.237862656
9780375863592,4.99,"4,648",-5.201632633,"38,697",-4.520212785,"701,289",-10.086820608,"6,140,167",-10.086820608,"53,294",-6.125820608,"84,565",-10.086820608,"166,971",-5.947320608,-1,64.917179392,"95,516",-10.086820608,"36,166",-4.876320608
9780307960306,4.99,"4,789",-5.045692721,"10,869",-4.346341545,"151,424",-6.207095296,"3,378,844",-9.607095296,"90,726",-5.671595296,"33,476",-6.462095296,"82,466",-5.467595296,"63,658",71.329904704,"101,537",-9.607095296,"50,713",-4.413595296
9781426307751,4.99,"9,511",-5.878717147,"15,606",-4.768965315,"49,651",-6.129492672,"5,830,149",-9.529492672,"62,102",-5.576992672,"59,178",-5.806492672,"71,186",-6.120992672,"32,675",61.505007328,"146,350",-9.529492672,"126,132",-9.529492672
9780062675323,4.99,"7,220",-5.081187103,"28,129",-4.881400935,"245,534",-6.369355328,-1,-5.510855328,-1,-5.842355328,-1,-6.624355328,-1,-9.769355328,-1,61.639144672,-1,-9.769355328,-1,-4.609855328
9780062404435,4.99,"3,727",-5.028717147,"8,156",-4.768965315,"886,882",-5.279492672,"726,004",-5.270992672,"216,171",-5.712992672,"89,058",-6.384492672,"36,280",-5.389992672,"141,941",61.879007328,-1,-9.529492672,"149,838",-4.361492672
9780859531344,4.99,"15,809",-5.010969956,"143,454",-4.22093562,"693,289",-9.448362656,"67,887",-5.453362656,"514,036",-9.448362656,"118,271",-5.308862656,"4,500",-4.764862656,-1,61.960137344,"563,156",-9.448362656,"20,743",-4.271862656
9780679882831,4.99,"4,390",-5.045692721,"16,131",-3.861841545,"1,376,525",-9.607095296,"39,430",-6.377095296,"82,644",-5.663095296,"66,573",-6.462095296,"78,065",-6.300595296,"11,293",61.801404704,"151,135",-9.607095296,"120,725",-4.430595296
9780399557286,4.99,280,-6.540969956,"6,936",-5.10493562,"345,527",-6.898362656,"108,553",-6.473362656,"44,963",-5.512862656,"48,363",-6.558362656,-1,-6.558362656,"19,406",46.881137344,-1,-9.448362656,"5,813",-4.254862656
9780062110725,4.99,"1,227",-5.822389106,"56,053",-4.64826237,"366,747",-6.560493056,"1,304,594",-9.271993056,"75,355",-5.319493056,"54,930",-6.126993056,"36,863",-5.132493056,"30,846",61.618006944,"283,286",-9.271993056,"60,457",-9.271993056
9780736420952,4.99,"5,600",-5.045692721,"12,620",-4.805341545,"200,287",-9.607095296,"609,507",-9.607095296,"20,624",-5.646095296,"17,148",-6.462095296,"36,813",-5.467595296,"80,557",-9.607095296,"158,539",-9.607095296,"13,082",-4.396595296
9780736428316,4.99,-1,-9.207728383,-1,-9.206846535,"25,505",-6.938095296,"2,380,333",-9.607095296,"67,372",-5.663095296,"95,812",-6.462095296,"89,054",-5.467595296,"26,287",61.282904704,"264,932",-9.607095296,"56,689",-4.396595296
9780062377944,4.99,657,-4.972389106,"8,120",-4.64826237,"260,570",-5.982493056,-1,-5.013493056,-1,-5.370493056,-1,-5.132493056,-1,-5.132493056,-1,73.033506944,-1,-9.271993056,-1,-9.271993056
9781368008532,4.99,"4,225",-5.519414509,"20,103",-6.267316805,"68,720",-6.080109184,-1,-5.655109184,"89,662",-5.536109184,"98,187",-6.335109184,-1,-5.757109184,"99,587",61.928390816,-1,-9.480109184,-1,-4.303609184
9781465445865,4.99,"185,646",-6.014738886,"77,818",-5.99044047,"2,449,188",-11.251306336,-1,-6.992806336,-1,-7.315806336,-1,-7.111806336,-1,-7.111806336,-1,60.157193664,-1,-11.251306336,"99,322",-6.057806336
9780736402385,4.99,"1,841",-5.917297997,"12,130",-4.392638565,"407,410",-9.705862272,"943,016",-9.705862272,"11,533",-4.988362272,"8,119",-6.560862272,"52,747",-9.705862272,"11,448",-9.705862272,-1,-9.705862272,"5,782",-4.495362272
9781934770979,4.99,"7,721",-5.826247191,"65,758",-3.296529695,"21,376",-5.974630016,"130,932",-5.388130016,"173,255",-5.481630016,"200,897",-5.328630016,"282,836",-5.906630016,-1,-9.289630016,"552,254",-9.289630016,"275,598",-9.289630016
9780843132717,4.99,"3,770",-5.010969956,"9,766",-5.86993562,"118,266",-6.864362656,"1,415,562",-9.448362656,"141,962",-5.147362656,"1,314,861",-4.152862656,"256,702",-5.308862656,"389,255",74.897137344,"521,076",-9.448362656,"327,763",-4.237862656
9781426308536,4.99,"15,717",-5.878717147,"37,323",-4.258965315,"61,002",-6.129492672,"2,085,737",-9.529492672,"187,290",-5.593992672,"118,552",-6.384492672,"77,238",-5.389992672,"66,213",59.244007328,-1,-9.529492672,"31,269",-4.335992672
9781524785994,4.99,"4,561",-5.010969956,"24,683",-3.96593562,"1,033,641",-9.448362656,-1,-6.048362656,-1,-5.572362656,"592,640",-6.141862656,-1,-6.141862656,-1,61.960137344,-1,-9.448362656,"131,083",-4.271862656
9781582380971,4.99,"77,093",-4.993222765,"380,526",-3.842905925,"631,910",-9.36723264,"770,939",-5.44873264,"259,297",-5.61023264,"231,938",-5.57623264,"205,694",-6.55373264,"56,072",49.18926736,"615,621",-9.36723264,"301,044",-9.36723264
9780062675293,4.99,"3,781",-5.648469956,"13,314",-4.73093562,-1,-6.201362656,-1,-5.189862656,-1,-5.495862656,-1,-6.269362656,-1,-5.308862656,-1,61.960137344,-1,-9.448362656,-1,-4.314362656
9780375812026,4.99,"4,099",-5.206469956,"2,926",-4.33993562,"291,102",-9.448362656,"639,537",-9.448362656,"28,248",-5.487362656,"19,960",-6.303362656,"32,568",-5.308862656,"28,186",71.488637344,"70,335",-9.448362656,"9,488",-4.237862656
9781338163032,4.99,"2,351",-5.049550806,"5,773",-4.04860887,"167,250",-6.309732256,"123,313",-5.374732256,"182,664",-5.357732256,-1,-6.530732256,-1,-5.901732256,-1,61.783767744,"91,171",-9.624732256,"57,899",-4.592732256
9780062675217,4.99,"5,336",-5.529469956,"43,539",-5.49593562,"952,567",-6.048362656,"4,700,975",-6.039862656,"153,365",-5.453362656,"79,339",-6.303362656,"108,971",-6.133362656,"68,447",-9.448362656,-1,-9.448362656,"22,704",-5.053862656
9780843112382,4.99,"13,394",-5.098162677,"5,993",-3.617277165,"247,397",-7.237457952,"7,376,899",-9.846957952,"1,037,069",-6.676457952,"558,785",-4.534457952,"382,554",-5.707457952,-1,75.552542048,-1,-9.846957952,"429,202",-4.636457952
9780679886297,4.99,"20,914",-5.010969956,"43,743",-3.78743562,"1,401,901",-9.448362656,"63,716",-6.048362656,"29,237",-5.487362656,"46,760",-6.303362656,"60,874",-6.141862656,"95,924",61.960137344,"71,922",-9.448362656,"38,109",-4.237862656
9780064436168,4.99,"9,306",-5.860969956,"97,052",-4.27193562,"45,248",-6.864362656,"2,447,109",-9.448362656,"44,075",-5.572362656,"55,805",-6.269362656,"113,807",-5.725362656,-1,-9.448362656,"32,840",-9.448362656,"18,801",-9.448362656
9780736423625,4.99,"2,992",-5.045692721,"6,705",-4.295341545,"161,490",-9.607095296,"1,044,502",-9.607095296,"33,736",-4.889595296,"17,766",-6.462095296,"39,728",-5.467595296,-1,-9.607095296,"34,223",-9.607095296,"7,809",-4.396595296
9780399558931,4.99,"4,471",-5.470692721,"33,089",-4.805341545,"604,290",-9.607095296,"227,005",-5.782095296,"191,915",-5.646095296,"79,985",-6.462095296,"51,546",-4.957595296,"34,032",-9.607095296,"263,972",-9.607095296,"37,821",-4.396595296
9781524718664,4.99,"9,548",-5.010969956,"17,391",-3.96593562,"136,182",-6.048362656,"130,010",-5.189862656,"965,655",-5.521362656,"93,580",-5.308862656,"170,398",-5.308862656,-1,61.960137344,"557,846",-9.448362656,"101,694",-4.271862656
9780062675187,4.99,"3,593",-5.860969956,"56,197",-5.49593562,"1,343,598",-6.048362656,"354,962",-5.623362656,"147,312",-5.512862656,"32,820",-6.303362656,"30,049",-5.725362656,"56,244",61.441637344,"134,232",-9.448362656,"64,097",-4.288862656
9780545925433,4.99,"5,708",-8.027722765,"8,048",-4.301905925,"601,674",-9.36723264,"82,673",-5.28723264,"52,504",-5.47423264,"214,721",-6.22223264,"24,722",-5.22773264,"59,799",-9.36723264,"512,552",-9.36723264,"9,739",-4.19923264
9781524714628,4.99,"58,811",-5.028717147,"40,674",-4.003965315,-1,-9.529492672,"81,537",-5.279492672,-1,-5.576992672,-1,-5.389992672,-1,-5.389992672,-1,61.879007328,-1,-9.529492672,"295,402",-4.361492672
9781426311048,4.99,"17,163",-5.871772594,"35,344",-5.51908413,"51,205",-6.871246144,"98,186",-5.239246144,"64,053",-5.545246144,"45,381",-6.352746144,"49,729",-5.358246144,"27,034",60.958753856,"131,050",-9.497746144,"31,128",-9.497746144
9781338163063,4.99,"1,150",-5.045692721,"1,473",-4.040341545,"152,248",-6.062595296,"71,020",-5.357095296,"93,192",-5.748095296,-1,-5.467595296,-1,-5.467595296,-1,72.698404704,"89,824",-9.607095296,-1,-4.524095296
9780545919739,4.99,"2,482",-5.0356617,"32,211",-4.0188465,"386,323",-6.2717392,"222,816",-5.3027392,-1,-5.7107392,"419,114",-5.4217392,-1,-5.4217392,-1,61.8472608,"323,796",-9.5612392,"216,150",-4.4357392
9780525580683,4.99,"4,948",-5.045692721,"2,664",-4.805341545,"11,389",-6.326095296,"46,578",-5.357095296,"27,586",-5.314595296,"22,644",-6.462095296,"35,031",-5.467595296,"5,509",61.801404704,"254,217",-9.607095296,"43,189",-4.413595296
9780736437813,4.99,"7,359",-5.419692721,"57,486",-4.805341545,"59,680",-6.292095296,-1,-5.357095296,"73,854",-5.739595296,-1,-6.462095296,"44,570",-5.467595296,"60,123",71.389404704,-1,-9.607095296,-1,-4.396595296
9780307988294,4.99,"3,688",-5.028717147,"3,592",-4.768965315,"200,221",-6.197492672,"1,293,227",-9.529492672,"53,245",-5.653492672,"15,554",-6.384492672,"62,511",-5.389992672,"319,037",-9.529492672,"315,827",-9.529492672,"40,850",-4.318992672
9780764165092,4.99,-1,-9.278717147,"85,877",-5.720965315,"1,987,854",-9.529492672,"2,081,232",-5.491992672,"1,991,664",-5.602492672,-1,-9.529492672,-1,-9.529492672,-1,36.804007328,-1,-9.529492672,"398,483",-4.395492672
9781842297407,4.99,184,-6.186162677,665,-3.617277165,"501,279",-9.846957952,"197,723",-5.630957952,"172,614",-5.877457952,"257,351",-6.701957952,"321,322",-5.707457952,"18,781",-9.846957952,"80,382",-9.846957952,"1,210,997",-9.846957952
9780448425009,4.99,"12,701",-5.429772594,"33,924",-3.86158413,"803,374",-6.233746144,"3,047,216",-9.497746144,"409,173",-5.545246144,"187,590",-6.522746144,"552,209",-5.409246144,-1,61.910753856,"177,849",-9.497746144,"175,035",-4.287246144
9780439738194,4.99,620,-5.098162677,"72,231",-4.917777165,"275,303",-7.237457952,"2,284,411",-9.846957952,"8,033",-5.979457952,"89,488",-6.591457952,"55,241",-5.707457952,"19,012",72.280042048,"111,763",-9.846957952,"29,861",-4.670457952
9780545206945,4.99,"2,575",-5.010969956,"35,697",-4.73093562,"130,557",-6.175862656,"107,982",-5.878362656,"70,262",-5.580862656,"184,585",-6.303362656,"53,504",-5.308862656,"51,920",65.496137344,"67,024",-9.448362656,"114,968",-4.280362656
9781534428751,4.99,"385,383",-5.010969956,-1,-3.88093562,-1,-5.903862656,-1,-5.189862656,-1,-5.640362656,-1,-5.308862656,-1,-5.308862656,-1,72.874137344,-1,-9.448362656,-1,-4.263362656
9780316413152,4.99,"6,993",-5.227328041,"52,764",-3.804202945,"145,219",-6.193499616,-1,-5.215999616,-1,-5.513499616,-1,-5.368999616,-1,-5.326499616,-1,-9.465999616,"112,459",-9.465999616,"399,212",-4.246999616
9780307105455,4.99,-1,-9.418379824,"7,051",-4.33993562,"31,704",-6.116362656,"564,600",-9.448362656,"36,603",-5.487362656,"14,871",-5.308862656,"58,837",-5.308862656,"57,512",59.962637344,"79,673",-9.448362656,"17,274",-4.237862656
9780736420969,4.99,"10,396",-5.010969956,"22,205",-5.49593562,"120,911",-6.779362656,"260,067",-9.448362656,"13,028",-5.155862656,"16,835",-6.303362656,"15,052",-6.141862656,"57,817",-9.448362656,"120,639",-9.448362656,"93,296",-9.448362656
9781426313448,4.99,"3,610",-5.931187103,"18,721",-5.646400935,"66,940",-6.369355328,"2,142,744",-9.769355328,"288,224",-5.825355328,"41,757",-6.624355328,"21,171",-6.360855328,"9,210",61.120644672,"99,021",-9.769355328,"7,590",-9.769355328
9781426313486,4.99,"11,089",-5.871772594,"14,818",-4.75408413,"42,395",-6.097746144,"1,430,493",-9.497746144,"104,295",-5.230746144,"37,776",-6.352746144,"24,652",-6.089246144,"28,714",61.392253856,"80,854",-9.497746144,"14,343",-9.497746144
9780736422598,4.99,"10,865",-4.972389106,"20,492",-5.41326237,"41,142",-5.956993056,"787,933",-9.271993056,"30,357",-5.319493056,"40,737",-6.126993056,"44,561",-5.132493056,"84,982",-9.271993056,"228,869",-9.271993056,"17,627",-4.061493056
9780307989130,4.99,"7,695",-5.045692721,"13,982",-4.422841545,"342,312",-6.938095296,"1,446,443",-9.607095296,"400,560",-9.607095296,"132,578",-6.462095296,"125,656",-5.467595296,-1,61.801404704,"84,494",-9.607095296,"39,359",-4.396595296
9780064440592,4.99,"11,921,935",-9.310353444,"390,360",-9.395341545,"8,469,582",-11.748668608,"3,109,494",-9.688225312,0,-9.2,0,-9.2,0,-9.2,0,-9.2,0,-9.2,0,-9.2
9780062110756,4.99,"Invalid ISBN Provided"
9780545206952,4.99,"Invalid ISBN Provided"
9780394872179,4.99,"Invalid ISBN Provided"
9780307931078,4.99,"Invalid ISBN Provided"
9780843183535,4.99,"Invalid ISBN Provided"
9780789919380,4.99,"Invalid ISBN Provided"
9780789923745,4.99,"Invalid ISBN Provided"
9780736425964,4.99,"Invalid ISBN Provided"
9780794840754,4.99,"Invalid ISBN Provided"
9781338228816,4.99,"Invalid ISBN Provided"
9780375824920,4.99,"Invalid ISBN Provided"
9780307930507,4.99,"Invalid ISBN Provided"
9780399544224,4.99,"Invalid ISBN Provided"
9780399552922,4.99,"Invalid ISBN Provided"
9781465472908,4.99,"26,187",-5.004025403,"60,662",-4.716054435,"3,231,915",-9.416616128,"376,430",-5.158116128,"121,939",-5.464116128,"158,400",-6.271616128,-1,-5.277116128,"90,736",61.991883872,-1,-9.416616128,"157,672",-9.416616128
9781223062570,4.99,"202,345",-6.032486077,"183,964",-10.618470165,"861,238",-11.332436352,"772,472",-11.332436352,-1,-7.524436352,"136,446",-3.325436352,-1,-7.626436352,"248,441",-11.332436352,0,-9.2,0,-9.2
9781426329074,4.99,"Invalid ISBN Provided"
9780545658522,4.99,"Invalid ISBN Provided"
9781524787189,4.99,"Invalid ISBN Provided"
9780375815164,4.99,"Invalid ISBN Provided"
9780525580782,4.99,"Invalid ISBN Provided"
9780736426848,4.99,"Invalid ISBN Provided"
9780843182927,4.99,"Invalid ISBN Provided"
9780545459372,4.99,"Invalid ISBN Provided"
9780843172850,4.99,"Invalid ISBN Provided"
9780307021403,4.99,"Invalid ISBN Provided"
9780062410757,4.99,"Invalid ISBN Provided"
9780375822704,4.99,"Invalid ISBN Provided"
9781338169898,4.99,"Invalid ISBN Provided"
9780394829081,4.99,"Invalid ISBN Provided"
9781338261936,4.99,"Invalid ISBN Provided"
9781338254273,4.99,"Invalid ISBN Provided"
9780062429421,4.99,"Invalid ISBN Provided"
9781524701673,4.99,"Invalid ISBN Provided"
9780448454511,4.99,"Invalid ISBN Provided"
9781338207217,4.99,"Invalid ISBN Provided"
9780399549519,4.99,"Invalid ISBN Provided"
9780062344694,4.99,"Invalid ISBN Provided"
9781534413795,4.99,"Invalid ISBN Provided"
9781368023047,4.99,"Invalid ISBN Provided"
9780385373913,4.99,"Invalid ISBN Provided"
9780375828379,4.99,"Invalid ISBN Provided"
9780375858062,4.99,"Invalid ISBN Provided"
9780375865817,4.99,"Invalid ISBN Provided"
9780062378019,4.99,"Invalid ISBN Provided"
9781534429628,4.99,"Invalid ISBN Provided"
9780764165108,4.99,"Invalid ISBN Provided"
9781338254310,4.99,"Invalid ISBN Provided"
9780375847097,4.99,"Invalid ISBN Provided"
9780394873336,4.99,"Invalid ISBN Provided"
9781465466587,4.99,"48,758",-5.010969956,"161,978",-4.73093562,-1,-9.448362656,"4,709,634",-5.198362656,-1,-7.493362656,-1,-7.518862656,"224,612",-6.702862656,-1,61.960137344,-1,-9.448362656,"42,015",-4.237862656
9780375861321,4.99,"2,035",-5.215692721,"23,483",-4.805341545,"821,650",-9.607095296,"1,731,961",-9.607095296,"2,425,776",-5.646095296,"217,586",-9.607095296,"687,747",-9.607095296,"75,426",74.041404704,0,-9.2,0,-9.2
9780062198617,4.99,"Invalid ISBN Provided"
9780689810053,4.99,"Invalid ISBN Provided"
9780307979643,4.99,"Invalid ISBN Provided"
9780547396941,4.99,"Invalid ISBN Provided"
9780843198973,4.99,"Invalid ISBN Provided"
9780394848389,4.99,"Invalid ISBN Provided"
9780062187826,4.99,"Invalid ISBN Provided"
9780694015191,4.99,"Invalid ISBN Provided"
9780859537285,4.99,"Invalid ISBN Provided"
9781338317381,4.99,"Invalid ISBN Provided"
9780062350381,4.99,"Invalid ISBN Provided"
9781338034776,4.99,"Invalid ISBN Provided"
9781338207255,4.99,"Invalid ISBN Provided"
9780061928857,4.99,"Invalid ISBN Provided"
9780736421973,4.99,"Invalid ISBN Provided"
9780736423083,4.99,"Invalid ISBN Provided"
9781338212655,4.99,"Invalid ISBN Provided"
9781338228755,4.99,"Invalid ISBN Provided"
9780545206983,4.99,"Invalid ISBN Provided"
9781338158977,4.99,"Invalid ISBN Provided"
9781426307775,4.99,"Invalid ISBN Provided"
9781426309113,4.99,"Invalid ISBN Provided"
9780316504829,4.99,"Invalid ISBN Provided"
9780060097912,4.99,"Invalid ISBN Provided"
9781465445605,4.99,"Invalid ISBN Provided"
9780679826422,4.99,"Invalid ISBN Provided"
9780385371384,4.99,"Invalid ISBN Provided"
9780385387262,4.99,"Invalid ISBN Provided"
9781929494170,5,"Invalid ISBN Provided"
